ID,experimental_replicate,dose,ecuatorial,polar,,,,,,,,,,
1,1,0.00,7.45,7.26,,,,,,,,,,
1,1,0.00,7.34,7.27,,,,,,,,,,
1,1,0.00,7.32,7.13,,,,,,,,,,
1,1,0.00,7.18,7.44,,,,,,,,,,
8,1,0.00,6.21,6.36,,,,,,,,,,
8,1,0.00,6.93,7.10,,,,,,,,,,
8,1,0.00,6.51,6.80,,,,,,,,,,
8,1,0.00,6.21,6.82,,,,,,,,,,
12B,1,0.00,6.93,6.91,,,,,,,,,,
12B,1,0.00,7.26,7.23,,,,,,,,,,
12B,1,0.00,7.03,7.10,,,,,,,,,,
12B,1,0.00,6.77,6.70,,,,,,,,,,
20,1,0.00,7.26,7.26,,,,,,,,,,
20,1,0.00,7.30,7.37,,,,,,,,,,
20,1,0.00,7.07,7.01,,,,,,,,,,
20,1,0.00,7.14,6.98,,,,,,,,,,
123,1,0.00,6.18,5.84,,,,,,,,,,
123,1,0.00,6.47,6.14,,,,,,,,,,
123,1,0.00,6.12,5.92,,,,,,,,,,
123,1,0.00,6.82,6.63,,,,,,,,,,
21,1,0.00,6.18,5.84,,,,,,,,,,
21,1,0.00,6.47,6.14,,,,,,,,,,
21,1,0.00,6.12,5.92,,,,,,,,,,
21,1,0.00,6.82,6.63,,,,,,,,,,
74SS1,1,0.00,7.45,7.18,,,,,,,,,,
74SS1,1,0.00,7.21,7.22,,,,,,,,,,
74SS1,1,0.00,7.41,7.33,,,,,,,,,,
74SS1,1,0.00,7.05,7.15,,,,,,,,,,
87,1,0.00,7.71,7.44,,,,,,,,,,
87,1,0.00,7.28,7.13,,,,,,,,,,
87,1,0.00,7.00,6.91,,,,,,,,,,
87,1,0.00,6.80,6.60,,,,,,,,,,
118,1,0.00,7.09,7.09,,,,,,,,,,
118,1,0.00,7.51,7.57,,,,,,,,,,
118,1,0.00,6.55,6.44,,,,,,,,,,
118,1,0.00,7.43,7.41,,,,,,,,,,
129,1,0.00,5.36,5.56,,,,,,,,,,
129,1,0.00,6.61,6.37,,,,,,,,,,
129,1,0.00,6.76,6.59,,,,,,,,,,
129,1,0.00,6.20,6.04,,,,,,,,,,
449,1,0.00,6.91,6.73,,,,,,,,,,
449,1,0.00,6.59,6.37,,,,,,,,,,
449,1,0.00,5.79,5.80,,,,,,,,,,
449,1,0.00,6.10,6.11,,,,,,,,,,
461,1,0.00,4.19,4.29,,,,,,,,,,
461,1,0.00,4.57,4.50,,,,,,,,,,
461,1,0.00,4.68,4.81,,,,,,,,,,
461,1,0.00,5.00,4.89,,,,,,,,,,
467,1,0.00,5.95,5.83,,,,,,,,,,
467,1,0.00,5.90,5.65,,,,,,,,,,
467,1,0.00,5.70,5.26,,,,,,,,,,
467,1,0.00,6.11,6.12,,,,,,,,,,
475,1,0.00,6.47,6.34,,,,,,,,,,
475,1,0.00,5.82,5.92,,,,,,,,,,
475,1,0.00,5.56,5.46,,,,,,,,,,
475,1,0.00,5.65,5.69,,,,,,,,,,
558,1,0.00,6.75,6.80,,,,,,,,,,
558,1,0.00,7.19,7.05,,,,,,,,,,
558,1,0.00,7.29,7.38,,,,,,,,,,
558,1,0.00,7.21,6.99,,,,,,,,,,
564,1,0.00,6.35,6.34,,,,,,,,,,
564,1,0.00,6.10,6.14,,,,,,,,,,
564,1,0.00,6.53,6.17,,,,,,,,,,
564,1,0.00,6.71,7.04,,,,,,,,,,
568,1,0.00,6.31,6.67,,,,,,,,,,
568,1,0.00,7.34,7.13,,,,,,,,,,
568,1,0.00,7.52,7.76,,,,,,,,,,
568,1,0.00,6.75,6.62,,,,,,,,,,
581,1,0.00,7.17,7.30,,,,,,,,,,
581,1,0.00,6.54,6.39,,,,,,,,,,
581,1,0.00,6.88,6.88,,,,,,,,,,
581,1,0.00,7.23,7.24,,,,,,,,,,
645,1,0.00,5.24,5.05,,,,,,,,,,
645,1,0.00,5.58,5.16,,,,,,,,,,
645,1,0.00,5.72,5.46,,,,,,,,,,
645,1,0.00,6.07,6.08,,,,,,,,,,
667,1,0.00,6.82,6.63,,,,,,,,,,
667,1,0.00,6.68,6.67,,,,,,,,,,
667,1,0.00,6.93,7.14,,,,,,,,,,
667,1,0.00,6.55,6.39,,,,,,,,,,
800,1,0.00,6.62,6.44,,,,,,,,,,
800,1,0.00,7.00,6.65,,,,,,,,,,
800,1,0.00,6.74,6.52,,,,,,,,,,
800,1,0.00,6.96,6.81,,,,,,,,,,
62-02,1,0.00,6.84,6.70,,,,,,,,,,
62-02,1,0.00,6.99,7.32,,,,,,,,,,
62-02,1,0.00,7.18,7.42,,,,,,,,,,
62-02,1,0.00,6.99,7.18,,,,,,,,,,
62-03,1,0.00,6.79,6.50,,,,,,,,,,
62-03,1,0.00,6.31,6.49,,,,,,,,,,
62-03,1,0.00,6.15,6.21,,,,,,,,,,
62-03,1,0.00,6.52,6.58,,,,,,,,,,
62-04,1,0.00,7.04,6.90,,,,,,,,,,
62-04,1,0.00,7.50,7.43,,,,,,,,,,
62-04,1,0.00,7.27,7.13,,,,,,,,,,
62-04,1,0.00,7.14,6.87,,,,,,,,,,
78-01,1,0.00,6.31,6.57,,,,,,,,,,
78-01,1,0.00,6.65,6.96,,,,,,,,,,
78-01,1,0.00,6.87,6.60,,,,,,,,,,
78-01,1,0.00,6.58,6.68,,,,,,,,,,
78-02,1,0.00,7.30,7.35,,,,,,,,,,
78-02,1,0.00,6.76,6.59,,,,,,,,,,
78-02,1,0.00,6.51,6.01,,,,,,,,,,
78-02,1,0.00,6.71,6.64,,,,,,,,,,
78-05,1,0.00,6.66,6.56,,,,,,,,,,
78-05,1,0.00,4.99,4.95,,,,,,,,,,
78-05,1,0.00,5.15,5.32,,,,,,,,,,
78-05,1,0.00,6.02,6.23,,,,,,,,,,
S-01,1,0.00,6.08,6.15,,,,,,,,,,
S-01,1,0.00,6.97,6.60,,,,,,,,,,
S-01,1,0.00,6.68,6.52,,,,,,,,,,
S-01,1,0.00,5.40,5.40,,,,,,,,,,
H-01,1,0.00,5.59,5.90,,,,,,,,,,
H-01,1,0.00,5.53,5.68,,,,,,,,,,
H-01,1,0.00,6.42,6.56,,,,,,,,,,
H-01,1,0.00,5.36,5.57,,,,,,,,,,
H-03,1,0.00,6.55,6.50,,,,,,,,,,
H-03,1,0.00,6.47,6.39,,,,,,,,,,
H-03,1,0.00,7.05,7.02,,,,,,,,,,
H-03,1,0.00,6.32,6.48,,,,,,,,,,
H-04,1,0.00,6.47,6.60,,,,,,,,,,
H-04,1,0.00,5.94,6.06,,,,,,,,,,
H-04,1,0.00,6.19,6.62,,,,,,,,,,
H-04,1,0.00,6.88,7.18,,,,,,,,,,
I-20,1,0.00,5.85,5.90,,,,,,,,,,
I-20,1,0.00,6.33,5.86,,,,,,,,,,
I-20,1,0.00,6.01,5.96,,,,,,,,,,
I-20,1,0.00,6.71,6.73,,,,,,,,,,
419,1,0.00,5.69,5.88,,,,,,,,,,
419,1,0.00,6.11,6.13,,,,,,,,,,
419,1,0.00,6.80,6.68,,,,,,,,,,
419,1,0.00,6.84,6.35,,,,,,,,,,
413,1,0.00,7.33,7.19,,,,,,,,,,
413,1,0.00,7.48,7.43,,,,,,,,,,
413,1,0.00,7.56,7.47,,,,,,,,,,
413,1,0.00,7.07,6.85,,,,,,,,,,
W212,1,0.00,6.26,6.73,,,,,,,,,,
W212,1,0.00,7.24,7.45,,,,,,,,,,
W212,1,0.00,6.87,6.79,,,,,,,,,,
W212,1,0.00,7.35,7.21,,,,,,,,,,
318,1,0.00,7.32,7.39,,,,,,,,,,
318,1,0.00,6.71,6.76,,,,,,,,,,
318,1,0.00,7.41,7.48,,,,,,,,,,
318,1,0.00,7.15,7.18,,,,,,,,,,
1025,1,0.00,7.31,7.18,,,,,,,,,,
1025,1,0.00,6.65,6.56,,,,,,,,,,
1025,1,0.00,6.39,6.27,,,,,,,,,,
1025,1,0.00,5.74,5.78,,,,,,,,,,
1026,1,0.00,6.16,6.28,,,,,,,,,,
1026,1,0.00,5.75,5.75,,,,,,,,,,
1026,1,0.00,5.71,5.58,,,,,,,,,,
1026,1,0.00,6.51,6.56,,,,,,,,,,
1027,1,0.00,5.44,5.62,,,,,,,,,,
1027,1,0.00,5.97,5.90,,,,,,,,,,
1027,1,0.00,5.93,5.79,,,,,,,,,,
1027,1,0.00,5.84,5.91,,,,,,,,,,
1029,1,0.00,6.41,6.30,,,,,,,,,,
1029,1,0.00,6.78,6.60,,,,,,,,,,
1029,1,0.00,6.90,6.66,,,,,,,,,,
1029,1,0.00,6.01,6.32,,,,,,,,,,
1032,1,0.00,5.97,5.94,,,,,,,,,,
1032,1,0.00,6.76,6.45,,,,,,,,,,
1032,1,0.00,5.98,5.86,,,,,,,,,,
1032,1,0.00,6.33,6.10,,,,,,,,,,
1033,1,0.00,7.33,7.09,,,,,,,,,,
1033,1,0.00,6.71,6.63,,,,,,,,,,
1033,1,0.00,6.33,6.40,,,,,,,,,,
1033,1,0.00,6.56,6.47,,,,,,,,,,
1,1,0.01,4.55,4.39,,,,,,,,,,
1,1,0.01,4.56,4.71,,,,,,,,,,
1,1,0.01,4.64,4.56,,,,,,,,,,
1,1,0.01,4.28,3.58,,,,,,,,,,
8,1,0.01,4.42,4.45,,,,,,,,,,
8,1,0.01,4.25,4.50,,,,,,,,,,
8,1,0.01,4.16,4.27,,,,,,,,,,
8,1,0.01,3.78,3.76,,,,,,,,,,
12B,1,0.01,4.24,4.57,,,,,,,,,,
12B,1,0.01,4.15,4.34,,,,,,,,,,
12B,1,0.01,4.27,4.36,,,,,,,,,,
12B,1,0.01,3.30,3.67,,,,,,,,,,
20,1,0.01,4.69,4.51,,,,,,,,,,
20,1,0.01,4.69,4.97,,,,,,,,,,
20,1,0.01,4.09,4.20,,,,,,,,,,
20,1,0.01,3.76,3.80,,,,,,,,,,
123,1,0.01,3.46,3.46,,,,,,,,,,
123,1,0.01,4.06,4.20,,,,,,,,,,
123,1,0.01,3.12,3.70,,,,,,,,,,
123,1,0.01,3.52,3.29,,,,,,,,,,
21,1,0.01,4.61,4.41,,,,,,,,,,
21,1,0.01,3.89,3.99,,,,,,,,,,
21,1,0.01,4.55,4.46,,,,,,,,,,
21,1,0.01,2.64,2.44,,,,,,,,,,
74SS1,1,0.01,4.7,4.4,,,,,,,,,,
74SS1,1,0.01,4.25,4.47,,,,,,,,,,
74SS1,1,0.01,4.12,4.31,,,,,,,,,,
74SS1,1,0.01,2.92,3.29,,,,,,,,,,
87,1,0.01,4.45,4.60,,,,,,,,,,
87,1,0.01,4.65,4.38,,,,,,,,,,
87,1,0.01,4.23,4.31,,,,,,,,,,
87,1,0.01,3.66,3.50,,,,,,,,,,
118,1,0.01,4.94,4.68,,,,,,,,,,
118,1,0.01,4.47,4.30,,,,,,,,,,
118,1,0.01,4.55,4.09,,,,,,,,,,
118,1,0.01,3.66,3.79,,,,,,,,,,
129,1,0.01,4.29,3.98,,,,,,,,,,
129,1,0.01,4.06,4.21,,,,,,,,,,
129,1,0.01,4.46,4.25,,,,,,,,,,
129,1,0.01,2.11,1.84,,,,,,,,,,
449,1,0.01,4.21,4.07,,,,,,,,,,
449,1,0.01,4.21,4.39,,,,,,,,,,
449,1,0.01,2.61,2.43,,,,,,,,,,
449,1,0.01,2.79,3.04,,,,,,,,,,
461,1,0.01,2.85,2.46,,,,,,,,,,
461,1,0.01,2.28,2.37,,,,,,,,,,
461,1,0.01,2.45,2.14,,,,,,,,,,
461,1,0.01,2.12,2.17,,,,,,,,,,
467,1,0.01,4.16,4.30,,,,,,,,,,
467,1,0.01,3.72,3.43,,,,,,,,,,
467,1,0.01,3.59,3.75,,,,,,,,,,
467,1,0.01,3.60,3.71,,,,,,,,,,
475,1,0.01,3.49,3.99,,,,,,,,,,
475,1,0.01,3.80,3.80,,,,,,,,,,
475,1,0.01,2.23,2.36,,,,,,,,,,
475,1,0.01,0.00,0.00,,,,,,,,,,
558,1,0.01,4.79,4.97,,,,,,,,,,
558,1,0.01,4.51,4.69,,,,,,,,,,
558,1,0.01,4.93,4.71,,,,,,,,,,
558,1,0.01,4.62,4.17,,,,,,,,,,
564,1,0.01,4.46,4.78,,,,,,,,,,
564,1,0.01,4.59,4.58,,,,,,,,,,
564,1,0.01,4.57,4.58,,,,,,,,,,
564,1,0.01,3.66,4.33,,,,,,,,,,
568,1,0.01,4.51,4.45,,,,,,,,,,
568,1,0.01,4.47,4.36,,,,,,,,,,
568,1,0.01,4.26,4.46,,,,,,,,,,
568,1,0.01,3.74,3.84,,,,,,,,,,
581,1,0.01,5.25,4.97,,,,,,,,,,
581,1,0.01,4.36,4.50,,,,,,,,,,
581,1,0.01,4.73,4.68,,,,,,,,,,
581,1,0.01,4.26,4.58,,,,,,,,,,
645,1,0.01,3.82,4.06,,,,,,,,,,
645,1,0.01,4.01,3.93,,,,,,,,,,
645,1,0.01,3.99,3.71,,,,,,,,,,
645,1,0.01,3.36,3.13,,,,,,,,,,
667,1,0.01,4.63,4.55,,,,,,,,,,
667,1,0.01,4.34,4.20,,,,,,,,,,
667,1,0.01,4.43,4.72,,,,,,,,,,
667,1,0.01,3.17,3.41,,,,,,,,,,
800,1,0.01,4.69,4.49,,,,,,,,,,
800,1,0.01,4.41,4.43,,,,,,,,,,
800,1,0.01,4.40,4.32,,,,,,,,,,
800,1,0.01,3.15,3.50,,,,,,,,,,
62-02,1,0.01,4.32,4.26,,,,,,,,,,
62-02,1,0.01,5.06,4.94,,,,,,,,,,
62-02,1,0.01,3.72,4.05,,,,,,,,,,
62-02,1,0.01,3.68,3.92,,,,,,,,,,
62-03,1,0.01,4.47,4.46,,,,,,,,,,
62-03,1,0.01,3.97,4.02,,,,,,,,,,
62-03,1,0.01,4.15,3.94,,,,,,,,,,
62-03,1,0.01,3.43,3.41,,,,,,,,,,
62-04,1,0.01,4.71,4.74,,,,,,,,,,
62-04,1,0.01,4.67,4.67,,,,,,,,,,
62-04,1,0.01,4.80,4.61,,,,,,,,,,
62-04,1,0.01,4.10,4.05,,,,,,,,,,
78-01,1,0.01,3.90,4.04,,,,,,,,,,
78-01,1,0.01,4.25,4.29,,,,,,,,,,
78-01,1,0.01,3.59,3.81,,,,,,,,,,
78-01,1,0.01,3.44,3.59,,,,,,,,,,
78-02,1,0.01,4.19,4.22,,,,,,,,,,
78-02,1,0.01,3.84,3.28,,,,,,,,,,
78-02,1,0.01,4.25,4.29,,,,,,,,,,
78-02,1,0.01,1.32,1.37,,,,,,,,,,
78-05,1,0.01,3.96,3.83,,,,,,,,,,
78-05,1,0.01,2.54,2.42,,,,,,,,,,
78-05,1,0.01,3.82,3.72,,,,,,,,,,
78-05,1,0.01,2.83,2.65,,,,,,,,,,
S-01,1,0.01,4.40,4.55,,,,,,,,,,
S-01,1,0.01,4.46,4.39,,,,,,,,,,
S-01,1,0.01,4.40,4.37,,,,,,,,,,
S-01,1,0.01,1.80,1.71,,,,,,,,,,
H-01,1,0.01,3.01,2.85,,,,,,,,,,
H-01,1,0.01,3.57,3.59,,,,,,,,,,
H-01,1,0.01,3.15,3.41,,,,,,,,,,
H-01,1,0.01,3.16,3.47,,,,,,,,,,
H-03,1,0.01,3.82,3.88,,,,,,,,,,
H-03,1,0.01,3.95,4.02,,,,,,,,,,
H-03,1,0.01,4.27,4.36,,,,,,,,,,
H-03,1,0.01,3.03,3.05,,,,,,,,,,
H-04,1,0.01,3.98,3.26,,,,,,,,,,
H-04,1,0.01,3.88,3.98,,,,,,,,,,
H-04,1,0.01,4.19,4.25,,,,,,,,,,
H-04,1,0.01,3.74,3.66,,,,,,,,,,
I-20,1,0.01,4.48,4.63,,,,,,,,,,
I-20,1,0.01,3.83,3.74,,,,,,,,,,
I-20,1,0.01,5.08,4.86,,,,,,,,,,
I-20,1,0.01,4.07,4.17,,,,,,,,,,
419,1,0.01,4.41,4.18,,,,,,,,,,
419,1,0.01,3.83,3.91,,,,,,,,,,
419,1,0.01,3.76,3.81,,,,,,,,,,
419,1,0.01,2.45,2.41,,,,,,,,,,
413,1,0.01,4.71,4.57,,,,,,,,,,
413,1,0.01,4.81,4.85,,,,,,,,,,
413,1,0.01,4.52,4.63,,,,,,,,,,
413,1,0.01,4.12,4.32,,,,,,,,,,
W212,1,0.01,4.10,4.51,,,,,,,,,,
W212,1,0.01,4.48,4.89,,,,,,,,,,
W212,1,0.01,4.27,4.83,,,,,,,,,,
W212,1,0.01,3.33,3.80,,,,,,,,,,
318,1,0.01,4.34,4.44,,,,,,,,,,
318,1,0.01,4.27,4.37,,,,,,,,,,
318,1,0.01,4.57,4.68,,,,,,,,,,
318,1,0.01,3.76,3.80,,,,,,,,,,
1025,1,0.01,4.35,4.32,,,,,,,,,,
1025,1,0.01,4.20,3.95,,,,,,,,,,
1025,1,0.01,4.10,4.10,,,,,,,,,,
1025,1,0.01,1.47,1.20,,,,,,,,,,
1026,1,0.01,,,,,,,,,,,,
1026,1,0.01,4.14,4.24,,,,,,,,,,
1026,1,0.01,4.19,3.98,,,,,,,,,,
1026,1,0.01,3.61,3.49,,,,,,,,,,
1027,1,0.01,3.38,3.38,,,,,,,,,,
1027,1,0.01,3.74,3.69,,,,,,,,,,
1027,1,0.01,4.00,3.42,,,,,,,,,,
1027,1,0.01,1.37,1.21,,,,,,,,,,
1029,1,0.01,4.29,4.51,,,,,,,,,,
1029,1,0.01,3.64,3.77,,,,,,,,,,
1029,1,0.01,2.58,2.97,,,,,,,,,,
1029,1,0.01,2.71,2.41,,,,,,,,,,
1032,1,0.01,4.18,3.97,,,,,,,,,,
1032,1,0.01,3.91,3.88,,,,,,,,,,
1032,1,0.01,3.77,3.84,,,,,,,,,,
1032,1,0.01,2.90,2.77,,,,,,,,,,
1033,1,0.01,4.07,4.13,,,,,,,,,,
1033,1,0.01,4.51,4.25,,,,,,,,,,
1033,1,0.01,4.49,4.39,,,,,,,,,,
1033,1,0.01,3.24,3.13,,,,,,,,,,
1,1,0.02,0.00,0.00,,,,,,,,,,
1,1,0.02,3.28,3.55,,,,,,,,,,
1,1,0.02,2.74,2.85,,,,,,,,,,
1,1,0.02,3.29,3.07,,,,,,,,,,
8,1,0.02,2.10,2.04,,,,,,,,,,
8,1,0.02,3.84,3.02,,,,,,,,,,
8,1,0.02,2.76,2.80,,,,,,,,,,
8,1,0.02,3.02,2.68,,,,,,,,,,
12B,1,0.02,3.34,2.89,,,,,,,,,,
12B,1,0.02,2.47,2.86,,,,,,,,,,
12B,1,0.02,3.34,3.55,,,,,,,,,,
12B,1,0.02,2.31,2.59,,,,,,,,,,
20,1,0.02,2.84,2.84,,,,,,,,,,
20,1,0.02,3.16,3.47,,,,,,,,,,
20,1,0.02,2.45,2.94,,,,,,,,,,
20,1,0.02,3.29,3.10,,,,,,,,,,
123,1,0.02,1.64,1.54,,,,,,,,,,
123,1,0.02,2.77,2.50,,,,,,,,,,
123,1,0.02,1.04,0.92,,,,,,,,,,
123,1,0.02,2.96,3.25,,,,,,,,,,
21,1,0.02,2.05,2.03,,,,,,,,,,
21,1,0.02,2.11,2.16,,,,,,,,,,
21,1,0.02,2.64,2.67,,,,,,,,,,
21,1,0.02,0.05,0.05,,,,,,,,,,
74SS1,1,0.02,0.91,1.11,,,,,,,,,,
74SS1,1,0.02,3.12,3.02,,,,,,,,,,
74SS1,1,0.02,3.47,3.39,,,,,,,,,,
74SS1,1,0.02,1.73,1.75,,,,,,,,,,
87,1,0.02,2.82,3.14,,,,,,,,,,
87,1,0.02,3.23,2.94,,,,,,,,,,
87,1,0.02,1.44,1.66,,,,,,,,,,
87,1,0.02,3.00,3.14,,,,,,,,,,
118,1,0.02,2.61,2.72,,,,,,,,,,
118,1,0.02,3.27,2.71,,,,,,,,,,
118,1,0.02,1.52,1.52,,,,,,,,,,
118,1,0.02,2.96,3.01,,,,,,,,,,
129,1,0.02,2.11,2.14,,,,,,,,,,
129,1,0.02,2.70,2.77,,,,,,,,,,
129,1,0.02,1.96,1.82,,,,,,,,,,
129,1,0.02,2.21,1.90,,,,,,,,,,
449,1,0.02,1.84,1.73,,,,,,,,,,
449,1,0.02,2.74,2.51,,,,,,,,,,
449,1,0.02,0.00,0.00,,,,,,,,,,
449,1,0.02,0.85,1.11,,,,,,,,,,
461,1,0.02,0.63,0.74,,,,,,,,,,
461,1,0.02,2.86,2.80,,,,,,,,,,
461,1,0.02,1.56,1.46,,,,,,,,,,
461,1,0.02,0.00,0.00,,,,,,,,,,
467,1,0.02,0.00,0.00,,,,,,,,,,
467,1,0.02,1.69,2.09,,,,,,,,,,
467,1,0.02,1.19,2.01,,,,,,,,,,
467,1,0.02,0.00,0.00,,,,,,,,,,
475,1,0.02,1.39,1.32,,,,,,,,,,
475,1,0.02,0.00,0.00,,,,,,,,,,
475,1,0.02,2.19,1.84,,,,,,,,,,
475,1,0.02,1.54,1.71,,,,,,,,,,
558,1,0.02,3.31,3.36,,,,,,,,,,
558,1,0.02,3.52,3.70,,,,,,,,,,
558,1,0.02,3.78,3.84,,,,,,,,,,
558,1,0.02,3.75,3.63,,,,,,,,,,
564,1,0.02,1.08,1.57,,,,,,,,,,
564,1,0.02,2.49,2.68,,,,,,,,,,
564,1,0.02,1.87,1.69,,,,,,,,,,
564,1,0.02,2.08,1.58,,,,,,,,,,
568,1,0.02,3.16,3.21,,,,,,,,,,
568,1,0.02,3.52,3.44,,,,,,,,,,
568,1,0.02,3.67,3.62,,,,,,,,,,
568,1,0.02,3.43,3.05,,,,,,,,,,
581,1,0.02,3.46,3.67,,,,,,,,,,
581,1,0.02,2.62,2.41,,,,,,,,,,
581,1,0.02,4.04,4.02,,,,,,,,,,
581,1,0.02,3.77,3.81,,,,,,,,,,
645,1,0.02,1.00,1.26,,,,,,,,,,
645,1,0.02,2.35,2.46,,,,,,,,,,
645,1,0.02,3.46,3.23,,,,,,,,,,
645,1,0.02,2.61,2.48,,,,,,,,,,
667,1,0.02,1.81,1.98,,,,,,,,,,
667,1,0.02,3.08,3.18,,,,,,,,,,
667,1,0.02,3.32,3.28,,,,,,,,,,
667,1,0.02,1.44,1.57,,,,,,,,,,
800,1,0.02,2.31,2.30,,,,,,,,,,
800,1,0.02,2.59,2.91,,,,,,,,,,
800,1,0.02,2.60,2.66,,,,,,,,,,
800,1,0.02,2.59,2.53,,,,,,,,,,
62-02,1,0.02,3.31,3.31,,,,,,,,,,
62-02,1,0.02,3.36,3.50,,,,,,,,,,
62-02,1,0.02,3.51,3.64,,,,,,,,,,
62-02,1,0.02,3.05,3.01,,,,,,,,,,
62-03,1,0.02,0.00,0.00,,,,,,,,,,
62-03,1,0.02,,,,,,,,,,,,
62-03,1,0.02,0.00,0.00,,,,,,,,,,
62-03,1,0.02,2.87,2.70,,,,,,,,,,
62-04,1,0.02,3.61,3.67,,,,,,,,,,
62-04,1,0.02,3.32,3.20,,,,,,,,,,
62-04,1,0.02,3.40,3.41,,,,,,,,,,
62-04,1,0.02,3.45,3.30,,,,,,,,,,
78-01,1,0.02,2.54,2.66,,,,,,,,,,
78-01,1,0.02,2.92,3.26,,,,,,,,,,
78-01,1,0.02,3.25,3.10,,,,,,,,,,
78-01,1,0.02,2.46,2.47,,,,,,,,,,
78-02,1,0.02,2.44,2.25,,,,,,,,,,
78-02,1,0.02,0.00,0.00,,,,,,,,,,
78-02,1,0.02,3.35,3.51,,,,,,,,,,
78-02,1,0.02,2.40,2.15,,,,,,,,,,
78-05,1,0.02,2.04,1.87,,,,,,,,,,
78-05,1,0.02,2.38,2.28,,,,,,,,,,
78-05,1,0.02,3.20,3.10,,,,,,,,,,
78-05,1,0.02,1.86,2.08,,,,,,,,,,
S-01,1,0.02,2.55,2.39,,,,,,,,,,
S-01,1,0.02,3.49,3.21,,,,,,,,,,
S-01,1,0.02,3.27,3.80,,,,,,,,,,
S-01,1,0.02,2.39,2.18,,,,,,,,,,
H-01,1,0.02,2.82,2.76,,,,,,,,,,
H-01,1,0.02,2.52,2.45,,,,,,,,,,
H-01,1,0.02,1.62,1.89,,,,,,,,,,
H-01,1,0.02,0.00,0.00,,,,,,,,,,
H-03,1,0.02,2.81,2.76,,,,,,,,,,
H-03,1,0.02,2.25,2.13,,,,,,,,,,
H-03,1,0.02,2.56,2.58,,,,,,,,,,
H-03,1,0.02,2.10,2.20,,,,,,,,,,
H-04,1,0.02,1.88,1.94,,,,,,,,,,
H-04,1,0.02,2.67,2.81,,,,,,,,,,
H-04,1,0.02,2.83,2.98,,,,,,,,,,
H-04,1,0.02,2.74,2.81,,,,,,,,,,
I-20,1,0.02,1.54,1.74,,,,,,,,,,
I-20,1,0.02,0.61,0.60,,,,,,,,,,
I-20,1,0.02,2.68,2.64,,,,,,,,,,
I-20,1,0.02,2.95,2.93,,,,,,,,,,
419,1,0.02,2.00,1.98,,,,,,,,,,
419,1,0.02,1.56,1.34,,,,,,,,,,
419,1,0.02,2.75,2.85,,,,,,,,,,
419,1,0.02,2.87,2.86,,,,,,,,,,
413,1,0.02,2.69,2.41,,,,,,,,,,
413,1,0.02,3.79,3.57,,,,,,,,,,
413,1,0.02,3.77,3.97,,,,,,,,,,
413,1,0.02,3.38,3.23,,,,,,,,,,
W212,1,0.02,2.76,2.94,,,,,,,,,,
W212,1,0.02,3.56,3.63,,,,,,,,,,
W212,1,0.02,3.65,3.51,,,,,,,,,,
W212,1,0.02,2.95,2.94,,,,,,,,,,
318,1,0.02,2.64,2.63,,,,,,,,,,
318,1,0.02,3.37,3.40,,,,,,,,,,
318,1,0.02,3.87,4.05,,,,,,,,,,
318,1,0.02,3.15,3.07,,,,,,,,,,
1025,1,0.02,2.35,2.24,,,,,,,,,,
1025,1,0.02,1.16,1.11,,,,,,,,,,
1025,1,0.02,3.55,3.54,,,,,,,,,,
1025,1,0.02,1.66,1.38,,,,,,,,,,
1026,1,0.02,2.42,2.45,,,,,,,,,,
1026,1,0.02,2.37,2.46,,,,,,,,,,
1026,1,0.02,3.24,3.01,,,,,,,,,,
1026,1,0.02,3.04,2.78,,,,,,,,,,
1027,1,0.02,0.00,0.00,,,,,,,,,,
1027,1,0.02,0.00,0.00,,,,,,,,,,
1027,1,0.02,1.85,2.08,,,,,,,,,,
1027,1,0.02,0.00,0.00,,,,,,,,,,
1029,1,0.02,1.36,1.31,,,,,,,,,,
1029,1,0.02,1.45,1.54,,,,,,,,,,
1029,1,0.02,2.92,2.96,,,,,,,,,,
1029,1,0.02,0.99,1.05,,,,,,,,,,
1032,1,0.02,1.29,0.52,,,,,,,,,,
1032,1,0.02,0.62,0.77,,,,,,,,,,
1032,1,0.02,0.00,0.00,,,,,,,,,,
1032,1,0.02,0.00,0.00,,,,,,,,,,
1033,1,0.02,2.56,2.11,,,,,,,,,,
1033,1,0.02,2.71,2.66,,,,,,,,,,
1033,1,0.02,3.15,3.23,,,,,,,,,,
1033,1,0.02,1.81,1.97,,,,,,,,,,
1,1,0.04,0.00,0.00,,,,,,,,,,
1,1,0.04,0.00,0.00,,,,,,,,,,
1,1,0.04,1.85,1.74,,,,,,,,,,
1,1,0.04,1.76,1.79,,,,,,,,,,
8,1,0.04,1.78,1.93,,,,,,,,,,
8,1,0.04,1.98,2.12,,,,,,,,,,
8,1,0.04,1.53,1.73,,,,,,,,,,
8,1,0.04,1.42,1.22,,,,,,,,,,
12B,1,0.04,1.70,1.81,,,,,,,,,,
12B,1,0.04,2.21,1.93,,,,,,,,,,
12B,1,0.04,1.52,1.73,,,,,,,,,,
12B,1,0.04,1.87,1.82,,,,,,,,,,
20,1,0.04,1.60,1.68,,,,,,,,,,
20,1,0.04,1.75,1.93,,,,,,,,,,
20,1,0.04,1.44,1.61,,,,,,,,,,
20,1,0.04,2.27,2.69,,,,,,,,,,
123,1,0.04,1.88,1.82,,,,,,,,,,
123,1,0.04,1.19,1.16,,,,,,,,,,
123,1,0.04,0.00,0.00,,,,,,,,,,
123,1,0.04,1.89,1.96,,,,,,,,,,
21,1,0.04,0.00,0.00,,,,,,,,,,
21,1,0.04,1.24,1.33,,,,,,,,,,
21,1,0.04,1.10,1.03,,,,,,,,,,
21,1,0.04,0.00,0.00,,,,,,,,,,
74SS1,1,0.04,0.00,0.00,,,,,,,,,,
74SS1,1,0.04,2.33,2.48,,,,,,,,,,
74SS1,1,0.04,1.37,1.66,,,,,,,,,,
74SS1,1,0.04,0.00,0.00,,,,,,,,,,
87,1,0.04,1.66,1.73,,,,,,,,,,
87,1,0.04,2.06,2.14,,,,,,,,,,
87,1,0.04,0.00,0.00,,,,,,,,,,
87,1,0.04,1.86,1.64,,,,,,,,,,
118,1,0.04,2.04,2.17,,,,,,,,,,
118,1,0.04,2.39,1.87,,,,,,,,,,
118,1,0.04,1.45,1.31,,,,,,,,,,
118,1,0.04,1.99,1.90,,,,,,,,,,
129,1,0.04,0.00,0.00,,,,,,,,,,
129,1,0.04,0.76,0.61,,,,,,,,,,
129,1,0.04,0.10,0.10,,,,,,,,,,
129,1,0.04,0.40,0.40,,,,,,,,,,
449,1,0.04,1.63,1.51,,,,,,,,,,
449,1,0.04,0.10,0.10,,,,,,,,,,
449,1,0.04,0.00,0.00,,,,,,,,,,
449,1,0.04,0.00,0.00,,,,,,,,,,
461,1,0.04,0.00,0.00,,,,,,,,,,
461,1,0.04,0.00,0.00,,,,,,,,,,
461,1,0.04,0.00,0.00,,,,,,,,,,
461,1,0.04,0.00,0.00,,,,,,,,,,
467,1,0.04,0.00,0.00,,,,,,,,,,
467,1,0.04,0.00,0.00,,,,,,,,,,
467,1,0.04,0.83,0.83,,,,,,,,,,
467,1,0.04,0.00,0.00,,,,,,,,,,
475,1,0.04,0.05,0.05,,,,,,,,,,
475,1,0.04,0.00,0.00,,,,,,,,,,
475,1,0.04,0.00,0.00,,,,,,,,,,
475,1,0.04,0.91,1.02,,,,,,,,,,
558,1,0.04,2.90,2.68,,,,,,,,,,
558,1,0.04,2.41,2.50,,,,,,,,,,
558,1,0.04,2.53,2.44,,,,,,,,,,
558,1,0.04,2.67,2.53,,,,,,,,,,
564,1,0.04,0.00,0.00,,,,,,,,,,
564,1,0.04,0.00,0.00,,,,,,,,,,
564,1,0.04,0.00,0.00,,,,,,,,,,
564,1,0.04,0.00,0.00,,,,,,,,,,
568,1,0.04,1.72,1.68,,,,,,,,,,
568,1,0.04,1.44,1.56,,,,,,,,,,
568,1,0.04,2.43,2.18,,,,,,,,,,
568,1,0.04,1.62,1.66,,,,,,,,,,
581,1,0.04,2.78,2.85,,,,,,,,,,
581,1,0.04,0.00,0.00,,,,,,,,,,
581,1,0.04,3.08,3.11,,,,,,,,,,
581,1,0.04,2.75,2.87,,,,,,,,,,
645,1,0.04,0.00,0.00,,,,,,,,,,
645,1,0.04,0.15,0.15,,,,,,,,,,
645,1,0.04,2.85,2.56,,,,,,,,,,
645,1,0.04,1.14,1.19,,,,,,,,,,
667,1,0.04,0.00,0.00,,,,,,,,,,
667,1,0.04,0.87,1.08,,,,,,,,,,
667,1,0.04,0.00,0.00,,,,,,,,,,
667,1,0.04,0.00,0.00,,,,,,,,,,
800,1,0.04,1.22,1.23,,,,,,,,,,
800,1,0.04,1.50,1.64,,,,,,,,,,
800,1,0.04,1.39,1.49,,,,,,,,,,
800,1,0.04,2.05,1.73,,,,,,,,,,
62-02,1,0.04,1.57,1.74,,,,,,,,,,
62-02,1,0.04,2.04,2.12,,,,,,,,,,
62-02,1,0.04,1.97,1.91,,,,,,,,,,
62-02,1,0.04,1.70,1.60,,,,,,,,,,
62-03,1,0.04,0.00,0.00,,,,,,,,,,
62-03,1,0.04,0.00,0.00,,,,,,,,,,
62-03,1,0.04,0.00,0.00,,,,,,,,,,
62-03,1,0.04,2.09,1.95,,,,,,,,,,
62-04,1,0.04,2.69,2.64,,,,,,,,,,
62-04,1,0.04,2.36,2.54,,,,,,,,,,
62-04,1,0.04,1.92,2.05,,,,,,,,,,
62-04,1,0.04,2.39,2.26,,,,,,,,,,
78-01,1,0.04,1.12,1.00,,,,,,,,,,
78-01,1,0.04,1.62,1.53,,,,,,,,,,
78-01,1,0.04,1.83,1.76,,,,,,,,,,
78-01,1,0.04,2.71,2.76,,,,,,,,,,
78-02,1,0.04,1.35,1.55,,,,,,,,,,
78-02,1,0.04,0.02,0.02,,,,,,,,,,
78-02,1,0.04,1.40,1.25,,,,,,,,,,
78-02,1,0.04,0.00,0.00,,,,,,,,,,
78-05,1,0.04,1.36,1.27,,,,,,,,,,
78-05,1,0.04,0.90,0.77,,,,,,,,,,
78-05,1,0.04,1.37,1.31,,,,,,,,,,
78-05,1,0.04,2.29,2.31,,,,,,,,,,
S-01,1,0.04,1.65,1.58,,,,,,,,,,
S-01,1,0.04,1.90,1.75,,,,,,,,,,
S-01,1,0.04,1.63,1.48,,,,,,,,,,
S-01,1,0.04,1.61,1.45,,,,,,,,,,
H-01,1,0.04,1.94,2.02,,,,,,,,,,
H-01,1,0.04,0.97,1.00,,,,,,,,,,
H-01,1,0.04,1.01,1.22,,,,,,,,,,
H-01,1,0.04,1.28,1.19,,,,,,,,,,
H-03,1,0.04,2.06,2.18,,,,,,,,,,
H-03,1,0.04,1.28,1.15,,,,,,,,,,
H-03,1,0.04,2.18,2.23,,,,,,,,,,
H-03,1,0.04,1.36,1.25,,,,,,,,,,
H-04,1,0.04,1.13,1.20,,,,,,,,,,
H-04,1,0.04,1.23,1.36,,,,,,,,,,
H-04,1,0.04,2.14,2.14,,,,,,,,,,
H-04,1,0.04,1.82,2.01,,,,,,,,,,
I-20,1,0.04,1.40,1.51,,,,,,,,,,
I-20,1,0.04,0.00,0.00,,,,,,,,,,
I-20,1,0.04,0.00,0.00,,,,,,,,,,
I-20,1,0.04,0.00,0.00,,,,,,,,,,
419,1,0.04,1.23,1.37,,,,,,,,,,
419,1,0.04,1.48,1.42,,,,,,,,,,
419,1,0.04,1.30,1.32,,,,,,,,,,
419,1,0.04,1.88,1.92,,,,,,,,,,
413,1,0.04,2.37,2.21,,,,,,,,,,
413,1,0.04,2.00,2.00,,,,,,,,,,
413,1,0.04,2.70,2.46,,,,,,,,,,
413,1,0.04,2.39,2.38,,,,,,,,,,
W212,1,0.04,2.06,2.04,,,,,,,,,,
W212,1,0.04,2.58,2.41,,,,,,,,,,
W212,1,0.04,2.20,2.26,,,,,,,,,,
W212,1,0.04,1.84,2.26,,,,,,,,,,
318,1,0.04,1.78,1.90,,,,,,,,,,
318,1,0.04,2.25,2.00,,,,,,,,,,
318,1,0.04,2.29,2.41,,,,,,,,,,
318,1,0.04,2.01,1.66,,,,,,,,,,
1025,1,0.04,2.06,1.07,,,,,,,,,,
1025,1,0.04,1.26,1.09,,,,,,,,,,
1025,1,0.04,1.26,1.34,,,,,,,,,,
1025,1,0.04,1.62,1.33,,,,,,,,,,
1026,1,0.04,1.66,1.59,,,,,,,,,,
1026,1,0.04,1.10,1.17,,,,,,,,,,
1026,1,0.04,2.16,2.09,,,,,,,,,,
1026,1,0.04,2.97,2.98,,,,,,,,,,
1027,1,0.04,0.00,0.00,,,,,,,,,,
1027,1,0.04,0.00,0.00,,,,,,,,,,
1027,1,0.04,1.32,1.20,,,,,,,,,,
1027,1,0.04,0.00,0.00,,,,,,,,,,
1029,1,0.04,0.75,0.71,,,,,,,,,,
1029,1,0.04,0.00,0.00,,,,,,,,,,
1029,1,0.04,0.10,0.10,,,,,,,,,,
1029,1,0.04,0.00,0.00,,,,,,,,,,
1032,1,0.04,0.00,0.00,,,,,,,,,,
1032,1,0.04,0.00,0.00,,,,,,,,,,
1032,1,0.04,0.86,1.04,,,,,,,,,,
1032,1,0.04,0.20,0.20,,,,,,,,,,
1033,1,0.04,1.90,1.79,,,,,,,,,,
1033,1,0.04,1.07,1.03,,,,,,,,,,
1033,1,0.04,1.86,1.71,,,,,,,,,,
1033,1,0.04,2.82,2.85,,,,,,,,,,
1,1,0.06,0.00,0.00,,,,,,,,,,
1,1,0.06,0.00,0.00,,,,,,,,,,
1,1,0.06,0.96,1.18,,,,,,,,,,
1,1,0.06,1.16,1.24,,,,,,,,,,
8,1,0.06,1.79,1.54,,,,,,,,,,
8,1,0.06,1.58,1.55,,,,,,,,,,
8,1,0.06,0.89,0.95,,,,,,,,,,
8,1,0.06,0.86,0.91,,,,,,,,,,
12B,1,0.06,1.63,1.64,,,,,,,,,,
12B,1,0.06,1.50,1.67,,,,,,,,,,
12B,1,0.06,1.05,1.29,,,,,,,,,,
12B,1,0.06,1.63,1.37,,,,,,,,,,
20,1,0.06,1.41,1.63,,,,,,,,,,
20,1,0.06,1.24,1.47,,,,,,,,,,
20,1,0.06,1.48,1.15,,,,,,,,,,
20,1,0.06,1.48,1.78,,,,,,,,,,
123,1,0.06,0.00,0.00,,,,,,,,,,
123,1,0.06,0.25,0.25,,,,,,,,,,
123,1,0.06,0.00,0.00,,,,,,,,,,
123,1,0.06,1.23,0.84,,,,,,,,,,
21,1,0.06,0.00,0.00,,,,,,,,,,
21,1,0.06,,,,,,,,,,,,
21,1,0.06,0.25,0.25,,,,,,,,,,
21,1,0.06,0.00,0.00,,,,,,,,,,
74SS1,1,0.06,0.96,1.20,,,,,,,,,,
74SS1,1,0.06,1.75,1.62,,,,,,,,,,
74SS1,1,0.06,0.00,0.00,,,,,,,,,,
74SS1,1,0.06,0.00,0.00,,,,,,,,,,
87,1,0.06,1.33,1.47,,,,,,,,,,
87,1,0.06,1.58,1.38,,,,,,,,,,
87,1,0.06,0.00,0.00,,,,,,,,,,
87,1,0.06,0.98,1.10,,,,,,,,,,
118,1,0.06,1.54,1.74,,,,,,,,,,
118,1,0.06,1.22,1.26,,,,,,,,,,
118,1,0.06,1.38,1.39,,,,,,,,,,
118,1,0.06,1.88,1.57,,,,,,,,,,
129,1,0.06,0.00,0.00,,,,,,,,,,
129,1,0.06,0.00,0.00,,,,,,,,,,
129,1,0.06,1.21,1.13,,,,,,,,,,
129,1,0.06,1.55,1.30,,,,,,,,,,
449,1,0.06,1.00,1.00,,,,,,,,,,
449,1,0.06,0.00,0.00,,,,,,,,,,
449,1,0.06,0.00,0.00,,,,,,,,,,
449,1,0.06,0.00,0.00,,,,,,,,,,
461,1,0.06,0.00,0.00,,,,,,,,,,
461,1,0.06,0.00,0.00,,,,,,,,,,
461,1,0.06,0.00,0.00,,,,,,,,,,
461,1,0.06,0.00,0.00,,,,,,,,,,
467,1,0.06,0.00,0.00,,,,,,,,,,
467,1,0.06,0.00,0.00,,,,,,,,,,
467,1,0.06,0.00,0.00,,,,,,,,,,
467,1,0.06,0.00,0.00,,,,,,,,,,
475,1,0.06,0.00,0.00,,,,,,,,,,
475,1,0.06,0.15,0.15,,,,,,,,,,
475,1,0.06,0.78,1.12,,,,,,,,,,
475,1,0.06,0.00,0.00,,,,,,,,,,
558,1,0.06,2.20,2.29,,,,,,,,,,
558,1,0.06,2.16,2.12,,,,,,,,,,
558,1,0.06,1.80,1.76,,,,,,,,,,
558,1,0.06,2.36,1.99,,,,,,,,,,
564,1,0.06,0.00,0.00,,,,,,,,,,
564,1,0.06,0.00,0.00,,,,,,,,,,
564,1,0.06,0.00,0.00,,,,,,,,,,
564,1,0.06,0.00,0.00,,,,,,,,,,
568,1,0.06,1.18,1.34,,,,,,,,,,
568,1,0.06,1.71,1.75,,,,,,,,,,
568,1,0.06,1.58,1.64,,,,,,,,,,
568,1,0.06,1.56,1.73,,,,,,,,,,
581,1,0.06,1.84,1.72,,,,,,,,,,
581,1,0.06,0.00,0.00,,,,,,,,,,
581,1,0.06,2.29,2.02,,,,,,,,,,
581,1,0.06,1.93,1.57,,,,,,,,,,
645,1,0.06,0.00,0.00,,,,,,,,,,
645,1,0.06,0.20,0.20,,,,,,,,,,
645,1,0.06,1.72,1.80,,,,,,,,,,
645,1,0.06,1.33,1.46,,,,,,,,,,
667,1,0.06,0.05,0.05,,,,,,,,,,
667,1,0.06,0.00,0.00,,,,,,,,,,
667,1,0.06,0.00,0.00,,,,,,,,,,
667,1,0.06,0.00,0.00,,,,,,,,,,
800,1,0.06,0.67,0.77,,,,,,,,,,
800,1,0.06,0.88,1.07,,,,,,,,,,
800,1,0.06,0.88,0.92,,,,,,,,,,
800,1,0.06,1.15,0.99,,,,,,,,,,
62-02,1,0.06,1.45,1.38,,,,,,,,,,
62-02,1,0.06,1.66,1.52,,,,,,,,,,
62-02,1,0.06,1.46,1.50,,,,,,,,,,
62-02,1,0.06,1.17,1.31,,,,,,,,,,
62-03,1,0.06,0.00,0.00,,,,,,,,,,
62-03,1,0.06,0.00,0.00,,,,,,,,,,
62-03,1,0.06,0.00,0.00,,,,,,,,,,
62-03,1,0.06,0.67,0.73,,,,,,,,,,
62-04,1,0.06,1.79,1.83,,,,,,,,,,
62-04,1,0.06,2.07,2.04,,,,,,,,,,
62-04,1,0.06,1.49,1.68,,,,,,,,,,
62-04,1,0.06,1.45,1.34,,,,,,,,,,
78-01,1,0.06,0.80,1.07,,,,,,,,,,
78-01,1,0.06,0.35,0.35,,,,,,,,,,
78-01,1,0.06,1.04,1.15,,,,,,,,,,
78-01,1,0.06,0.81,1.00,,,,,,,,,,
78-02,1,0.06,0.20,0.20,,,,,,,,,,
78-02,1,0.06,0.00,0.00,,,,,,,,,,
78-02,1,0.06,1.23,1.29,,,,,,,,,,
78-02,1,0.06,0.00,0.00,,,,,,,,,,
78-05,1,0.06,1.11,0.94,,,,,,,,,,
78-05,1,0.06,1.08,0.86,,,,,,,,,,
78-05,1,0.06,1.20,1.19,,,,,,,,,,
78-05,1,0.06,1.25,1.27,,,,,,,,,,
S-01,1,0.06,0.80,0.80,,,,,,,,,,
S-01,1,0.06,1.33,1.49,,,,,,,,,,
S-01,1,0.06,1.23,1.31,,,,,,,,,,
S-01,1,0.06,1.41,1.64,,,,,,,,,,
H-01,1,0.06,1.44,1.14,,,,,,,,,,
H-01,1,0.06,1.17,1.06,,,,,,,,,,
H-01,1,0.06,0.99,0.83,,,,,,,,,,
H-01,1,0.06,0.89,0.80,,,,,,,,,,
H-03,1,0.06,1.58,1.69,,,,,,,,,,
H-03,1,0.06,0.63,0.80,,,,,,,,,,
H-03,1,0.06,1.11,1.16,,,,,,,,,,
H-03,1,0.06,1.28,1.39,,,,,,,,,,
H-04,1,0.06,1.49,1.40,,,,,,,,,,
H-04,1,0.06,0.00,0.00,,,,,,,,,,
H-04,1,0.06,1.31,1.46,,,,,,,,,,
H-04,1,0.06,0.99,1.10,,,,,,,,,,
I-20,1,0.06,1.30,0.84,,,,,,,,,,
I-20,1,0.06,0.00,0.00,,,,,,,,,,
I-20,1,0.06,0.00,0.00,,,,,,,,,,
I-20,1,0.06,0.00,0.00,,,,,,,,,,
419,1,0.06,1.23,1.29,,,,,,,,,,
419,1,0.06,1.21,1.11,,,,,,,,,,
419,1,0.06,0.00,0.00,,,,,,,,,,
419,1,0.06,0.97,0.92,,,,,,,,,,
413,1,0.06,1.90,2.06,,,,,,,,,,
413,1,0.06,1.84,1.84,,,,,,,,,,
413,1,0.06,1.77,1.87,,,,,,,,,,
413,1,0.06,2.09,1.99,,,,,,,,,,
W212,1,0.06,1.98,1.84,,,,,,,,,,
W212,1,0.06,2.13,2.39,,,,,,,,,,
W212,1,0.06,1.48,1.62,,,,,,,,,,
W212,1,0.06,1.77,1.84,,,,,,,,,,
318,1,0.06,1.16,1.03,,,,,,,,,,
318,1,0.06,1.89,1.77,,,,,,,,,,
318,1,0.06,1.87,1.64,,,,,,,,,,
318,1,0.06,1.95,1.67,,,,,,,,,,
1025,1,0.06,0.25,0.25,,,,,,,,,,
1025,1,0.06,0.30,0.30,,,,,,,,,,
1025,1,0.06,1.52,1.31,,,,,,,,,,
1025,1,0.06,1.56,1.52,,,,,,,,,,
1026,1,0.06,1.55,1.55,,,,,,,,,,
1026,1,0.06,0.10,0.10,,,,,,,,,,
1026,1,0.06,1.93,1.72,,,,,,,,,,
1026,1,0.06,1.24,1.51,,,,,,,,,,
1027,1,0.06,0.00,0.00,,,,,,,,,,
1027,1,0.06,0.00,0.00,,,,,,,,,,
1027,1,0.06,0.00,0.00,,,,,,,,,,
1027,1,0.06,0.00,0.00,,,,,,,,,,
1029,1,0.06,0.00,0.00,,,,,,,,,,
1029,1,0.06,0.93,0.83,,,,,,,,,,
1029,1,0.06,0.05,0.05,,,,,,,,,,
1029,1,0.06,0.00,0.00,,,,,,,,,,
1032,1,0.06,0.00,0.00,,,,,,,,,,
1032,1,0.06,0.00,0.00,,,,,,,,,,
1032,1,0.06,0.00,0.00,,,,,,,,,,
1032,1,0.06,0.00,0.00,,,,,,,,,,
1033,1,0.06,1.16,1.01,,,,,,,,,,
1033,1,0.06,0.92,1.03,,,,,,,,,,
1033,1,0.06,0.87,0.81,,,,,,,,,,
1033,1,0.06,0.85,1.01,,,,,,,,,,
1,1,0.10,0.75,0.80,,,,,,,,,,
1,1,0.10,0.00,0.00,,,,,,,,,,
1,1,0.10,0.93,1.02,,,,,,,,,,
1,1,0.10,0.68,0.70,,,,,,,,,,
8,1,0.10,1.53,1.38,,,,,,,,,,
8,1,0.10,1.02,1.19,,,,,,,,,,
8,1,0.10,0.98,0.89,,,,,,,,,,
8,1,0.10,0.93,0.85,,,,,,,,,,
12B,1,0.10,1.70,1.52,,,,,,,,,,
12B,1,0.10,1.20,1.12,,,,,,,,,,
12B,1,0.10,0.40,0.40,,,,,,,,,,
12B,1,0.10,0.00,0.00,,,,,,,,,,
20,1,0.10,0.40,0.40,,,,,,,,,,
20,1,0.10,0.5,0.5,,,,,,,,,,
20,1,0.10,1.64,1.78,,,,,,,,,,
20,1,0.10,1.31,0.95,,,,,,,,,,
123,1,0.10,1.05,1.10,,,,,,,,,,
123,1,0.10,0.00,0.00,,,,,,,,,,
123,1,0.10,0.89,0.86,,,,,,,,,,
123,1,0.10,0.63,0.66,,,,,,,,,,
21,1,0.10,0.00,0.00,,,,,,,,,,
21,1,0.10,0.00,0.00,,,,,,,,,,
21,1,0.10,0.00,0.00,,,,,,,,,,
21,1,0.10,0.00,0.00,,,,,,,,,,
74SS1,1,0.10,0.90,1.00,,,,,,,,,,
74SS1,1,0.10,1.03,0.97,,,,,,,,,,
74SS1,1,0.10,0.00,0.00,,,,,,,,,,
74SS1,1,0.10,0.00,0.00,,,,,,,,,,
87,1,0.10,1.34,1.36,,,,,,,,,,
87,1,0.10,1.08,1.00,,,,,,,,,,
87,1,0.10,0.00,0.00,,,,,,,,,,
87,1,0.10,0.15,0.15,,,,,,,,,,
118,1,0.10,1.11,1.15,,,,,,,,,,
118,1,0.10,0.99,0.92,,,,,,,,,,
118,1,0.10,1.24,1.20,,,,,,,,,,
118,1,0.10,1.35,1.15,,,,,,,,,,
129,1,0.10,0.00,0.00,,,,,,,,,,
129,1,0.10,0.00,0.00,,,,,,,,,,
129,1,0.10,0.00,0.00,,,,,,,,,,
129,1,0.10,1.03,1.08,,,,,,,,,,
449,1,0.10,0.00,0.00,,,,,,,,,,
449,1,0.10,0.00,0.00,,,,,,,,,,
449,1,0.10,0.00,0.00,,,,,,,,,,
449,1,0.10,0.00,0.00,,,,,,,,,,
461,1,0.10,0.00,0.00,,,,,,,,,,
461,1,0.10,0.00,0.00,,,,,,,,,,
461,1,0.10,0.00,0.00,,,,,,,,,,
461,1,0.10,0.00,0.00,,,,,,,,,,
467,1,0.10,0.00,0.00,,,,,,,,,,
467,1,0.10,0.00,0.00,,,,,,,,,,
467,1,0.10,0.74,0.56,,,,,,,,,,
467,1,0.10,0.00,0.00,,,,,,,,,,
475,1,0.10,0.00,0.00,,,,,,,,,,
475,1,0.10,0.00,0.00,,,,,,,,,,
475,1,0.10,0.00,0.00,,,,,,,,,,
475,1,0.10,0.00,0.00,,,,,,,,,,
558,1,0.10,1.44,1.71,,,,,,,,,,
558,1,0.10,1.72,1.87,,,,,,,,,,
558,1,0.10,1.91,1.66,,,,,,,,,,
558,1,0.10,2.14,1.95,,,,,,,,,,
564,1,0.10,0.00,0.00,,,,,,,,,,
564,1,0.10,0.00,0.00,,,,,,,,,,
564,1,0.10,0.00,0.00,,,,,,,,,,
564,1,0.10,0.00,0.00,,,,,,,,,,
568,1,0.10,0.91,1.09,,,,,,,,,,
568,1,0.10,1.57,1.42,,,,,,,,,,
568,1,0.10,1.38,1.30,,,,,,,,,,
568,1,0.10,1.61,1.64,,,,,,,,,,
581,1,0.10,0.20,0.20,,,,,,,,,,
581,1,0.10,0.00,0.00,,,,,,,,,,
581,1,0.10,2.20,1.97,,,,,,,,,,
581,1,0.10,0.00,0.00,,,,,,,,,,
645,1,0.10,0.00,0.00,,,,,,,,,,
645,1,0.10,0.00,0.00,,,,,,,,,,
645,1,0.10,1.59,1.30,,,,,,,,,,
645,1,0.10,1.31,1.04,,,,,,,,,,
667,1,0.10,0.05,0.05,,,,,,,,,,
667,1,0.10,0.00,0.00,,,,,,,,,,
667,1,0.10,0.00,0.00,,,,,,,,,,
667,1,0.10,0.00,0.00,,,,,,,,,,
800,1,0.10,0.00,0.00,,,,,,,,,,
800,1,0.10,0.00,0.00,,,,,,,,,,
800,1,0.10,0.05,0.05,,,,,,,,,,
800,1,0.10,0.00,0.00,,,,,,,,,,
62-02,1,0.10,1.21,1.08,,,,,,,,,,
62-02,1,0.10,1.48,1.30,,,,,,,,,,
62-02,1,0.10,1.25,1.27,,,,,,,,,,
62-02,1,0.10,1.14,1.00,,,,,,,,,,
62-03,1,0.10,0.00,0.00,,,,,,,,,,
62-03,1,0.10,0.00,0.00,,,,,,,,,,
62-03,1,0.10,0.00,0.00,,,,,,,,,,
62-03,1,0.10,0.30,0.30,,,,,,,,,,
62-04,1,0.10,1.62,1.54,,,,,,,,,,
62-04,1,0.10,1.12,1.29,,,,,,,,,,
62-04,1,0.10,1.36,1.57,,,,,,,,,,
62-04,1,0.10,1.19,1.09,,,,,,,,,,
78-01,1,0.10,0.89,0.92,,,,,,,,,,
78-01,1,0.10,0.30,0.30,,,,,,,,,,
78-01,1,0.10,0.25,0.25,,,,,,,,,,
78-01,1,0.10,0.65,0.84,,,,,,,,,,
78-02,1,0.10,0.00,0.00,,,,,,,,,,
78-02,1,0.10,0.10,0.10,,,,,,,,,,
78-02,1,0.10,1.40,1.48,,,,,,,,,,
78-02,1,0.10,0.00,0.00,,,,,,,,,,
78-05,1,0.10,0.67,0.98,,,,,,,,,,
78-05,1,0.10,0.10,0.10,,,,,,,,,,
78-05,1,0.10,0.88,0.88,,,,,,,,,,
78-05,1,0.10,0.00,0.00,,,,,,,,,,
S-01,1,0.10,0.84,1.08,,,,,,,,,,
S-01,1,0.10,1.24,1.07,,,,,,,,,,
S-01,1,0.10,0.97,0.86,,,,,,,,,,
S-01,1,0.10,0.00,0.00,,,,,,,,,,
H-01,1,0.10,0.45,0.92,,,,,,,,,,
H-01,1,0.10,0.00,0.00,,,,,,,,,,
H-01,1,0.10,0.40,0.40,,,,,,,,,,
H-01,1,0.10,0.99,0.86,,,,,,,,,,
H-03,1,0.10,1.24,1.31,,,,,,,,,,
H-03,1,0.10,0.00,0.00,,,,,,,,,,
H-03,1,0.10,1.29,1.35,,,,,,,,,,
H-03,1,0.10,0.30,0.30,,,,,,,,,,
H-04,1,0.10,0.00,0.00,,,,,,,,,,
H-04,1,0.10,0.00,0.00,,,,,,,,,,
H-04,1,0.10,1.04,0.95,,,,,,,,,,
H-04,1,0.10,1.22,1.22,,,,,,,,,,
I-20,1,0.10,0.00,0.00,,,,,,,,,,
I-20,1,0.10,0.00,0.00,,,,,,,,,,
I-20,1,0.10,0.00,0.00,,,,,,,,,,
I-20,1,0.10,0.00,0.00,,,,,,,,,,
419,1,0.10,0.40,0.40,,,,,,,,,,
419,1,0.10,1.26,1.21,,,,,,,,,,
419,1,0.10,0.35,0.35,,,,,,,,,,
419,1,0.10,0.00,0.00,,,,,,,,,,
413,1,0.10,1.32,1.44,,,,,,,,,,
413,1,0.10,1.60,1.38,,,,,,,,,,
413,1,0.10,1.72,1.74,,,,,,,,,,
413,1,0.10,1.63,1.63,,,,,,,,,,
W212,1,0.10,1.50,1.61,,,,,,,,,,
W212,1,0.10,1.16,1.22,,,,,,,,,,
W212,1,0.10,2.15,1.80,,,,,,,,,,
W212,1,0.10,2.17,2.16,,,,,,,,,,
318,1,0.10,0.20,0.20,,,,,,,,,,
318,1,0.10,1.16,1.26,,,,,,,,,,
318,1,0.10,0.55,0.86,,,,,,,,,,
318,1,0.10,1.45,1.16,,,,,,,,,,
1025,1,0.10,0.00,0.00,,,,,,,,,,
1025,1,0.10,0.20,0.20,,,,,,,,,,
1025,1,0.10,0.60,0.68,,,,,,,,,,
1025,1,0.10,0.35,0.35,,,,,,,,,,
1026,1,0.10,0.70,0.91,,,,,,,,,,
1026,1,0.10,0.87,0.95,,,,,,,,,,
1026,1,0.10,2.46,2.46,,,,,,,,,,
1026,1,0.10,1.21,0.92,,,,,,,,,,
1027,1,0.10,0.00,0.00,,,,,,,,,,
1027,1,0.10,0.00,0.00,,,,,,,,,,
1027,1,0.10,0.00,0.00,,,,,,,,,,
1027,1,0.10,0.00,0.00,,,,,,,,,,
1029,1,0.10,0.20,0.20,,,,,,,,,,
1029,1,0.10,0.00,0.00,,,,,,,,,,
1029,1,0.10,0.00,0.00,,,,,,,,,,
1029,1,0.10,0.00,0.00,,,,,,,,,,
1032,1,0.10,0.00,0.00,,,,,,,,,,
1032,1,0.10,0.00,0.00,,,,,,,,,,
1032,1,0.10,0.00,0.00,,,,,,,,,,
1032,1,0.10,0.00,0.00,,,,,,,,,,
1033,1,0.10,0.10,0.10,,,,,,,,,,
1033,1,0.10,1.09,1.03,,,,,,,,,,
1033,1,0.10,1.31,1.27,,,,,,,,,,
1033,1,0.10,0.90,0.88,,,,,,,,,,
1,2,0.00,7.61,7.61,,,,,,,,,,
1,2,0.00,7.69,7.53,,,,,,,,,,
1,2,0.00,7.87,7.87,,,,,,,,,,
1,2,0.00,7.77,7.73,,,,,,,,,,
8,2,0.00,7.23,7.51,,,,,,,,,,
8,2,0.00,7.49,7.62,,,,,,,,,,
8,2,0.00,7.33,7.19,,,,,,,,,,
8,2,0.00,7.54,7.42,,,,,,,,,,
12B,2,0.00,7.08,7.06,,,,,,,,,,
12B,2,0.00,7.35,7.35,,,,,,,,,,
12B,2,0.00,7.18,7.08,,,,,,,,,,
12B,2,0.00,7.50,7.56,,,,,,,,,,
20,2,0.00,7.83,7.48,,,,,,,,,,
20,2,0.00,7.00,7.03,,,,,,,,,,
20,2,0.00,7.25,7.52,,,,,,,,,,
20,2,0.00,7.35,6.98,,,,,,,,,,
123,2,0.00,7.22,7.20,,,,,,,,,,
123,2,0.00,7.58,7.41,,,,,,,,,,
123,2,0.00,7.12,7.17,,,,,,,,,,
123,2,0.00,7.00,7.16,,,,,,,,,,
21,2,0.00,6.81,6.88,,,,,,,,,,
21,2,0.00,6.69,6.77,,,,,,,,,,
21,2,0.00,6.67,6.82,,,,,,,,,,
21,2,0.00,7.46,7.39,,,,,,,,,,
74SS1,2,0.00,6.54,6.67,,,,,,,,,,
74SS1,2,0.00,5.37,5.27,,,,,,,,,,
74SS1,2,0.00,6.41,6.62,,,,,,,,,,
74SS1,2,0.00,7.23,7.24,,,,,,,,,,
87,2,0.00,5.34,5.20,,,,,,,,,,
87,2,0.00,6.48,6.50,,,,,,,,,,
87,2,0.00,6.79,6.85,,,,,,,,,,
87,2,0.00,6.24,6.25,,,,,,,,,,
118,2,0.00,7.16,6.93,,,,,,,,,,
118,2,0.00,7.54,7.21,,,,,,,,,,
118,2,0.00,7.12,7.20,,,,,,,,,,
118,2,0.00,7.33,7.55,,,,,,,,,,
129,2,0.00,7.70,7.56,,,,,,,,,,
129,2,0.00,7.50,7.19,,,,,,,,,,
129,2,0.00,7.24,7.28,,,,,,,,,,
129,2,0.00,7.30,7.43,,,,,,,,,,
449,2,0.00,7.34,7.14,,,,,,,,,,
449,2,0.00,7.35,7.24,,,,,,,,,,
449,2,0.00,7.37,7.27,,,,,,,,,,
449,2,0.00,6.32,6.58,,,,,,,,,,
461,2,0.00,5.32,4.88,,,,,,,,,,
461,2,0.00,5.72,6.09,,,,,,,,,,
461,2,0.00,5.60,5.90,,,,,,,,,,
461,2,0.00,5.18,5.27,,,,,,,,,,
467,2,0.00,7.23,7.29,,,,,,,,,,
467,2,0.00,7.64,7.62,,,,,,,,,,
467,2,0.00,7.45,7.40,,,,,,,,,,
467,2,0.00,7.32,7.44,,,,,,,,,,
475,2,0.00,7.06,7.49,,,,,,,,,,
475,2,0.00,6.86,6.82,,,,,,,,,,
475,2,0.00,6.93,7.04,,,,,,,,,,
475,2,0.00,6.80,7.34,,,,,,,,,,
558,2,0.00,6.77,7.10,,,,,,,,,,
558,2,0.00,5.97,6.09,,,,,,,,,,
558,2,0.00,6.59,6.70,,,,,,,,,,
558,2,0.00,6.65,6.75,,,,,,,,,,
564,2,0.00,6.79,6.74,,,,,,,,,,
564,2,0.00,6.48,6.27,,,,,,,,,,
564,2,0.00,6.47,6.47,,,,,,,,,,
564,2,0.00,7.18,6.92,,,,,,,,,,
568,2,0.00,6.97,6.66,,,,,,,,,,
568,2,0.00,6.94,7.22,,,,,,,,,,
568,2,0.00,6.55,6.69,,,,,,,,,,
568,2,0.00,6.66,6.80,,,,,,,,,,
581,2,0.00,6.82,6.74,,,,,,,,,,
581,2,0.00,7.35,7.53,,,,,,,,,,
581,2,0.00,7.23,7.26,,,,,,,,,,
581,2,0.00,7.54,7.36,,,,,,,,,,
645,2,0.00,6.62,6.84,,,,,,,,,,
645,2,0.00,6.88,6.96,,,,,,,,,,
645,2,0.00,6.23,6.47,,,,,,,,,,
645,2,0.00,6.58,6.46,,,,,,,,,,
667,2,0.00,6.73,6.90,,,,,,,,,,
667,2,0.00,6.41,6.47,,,,,,,,,,
667,2,0.00,6.32,6.72,,,,,,,,,,
667,2,0.00,6.35,6.10,,,,,,,,,,
800,2,0.00,7.18,7.68,,,,,,,,,,
800,2,0.00,7.16,7.21,,,,,,,,,,
800,2,0.00,7.25,7.25,,,,,,,,,,
800,2,0.00,7.17,7.38,,,,,,,,,,
62-02,2,0.00,6.61,6.68,,,,,,,,,,
62-02,2,0.00,7.12,7.07,,,,,,,,,,
62-02,2,0.00,7.50,7.64,,,,,,,,,,
62-02,2,0.00,6.40,6.66,,,,,,,,,,
62-03,2,0.00,6.80,6.60,,,,,,,,,,
62-03,2,0.00,6.85,7.02,,,,,,,,,,
62-03,2,0.00,7.11,7.08,,,,,,,,,,
62-03,2,0.00,7.11,6.95,,,,,,,,,,
62-04,2,0.00,6.13,6.62,,,,,,,,,,
62-04,2,0.00,6.80,6.82,,,,,,,,,,
62-04,2,0.00,4.77,4.64,,,,,,,,,,
62-04,2,0.00,6.19,6.21,,,,,,,,,,
78-01,2,0.00,6.27,5.51,,,,,,,,,,
78-01,2,0.00,4.54,4.65,,,,,,,,,,
78-01,2,0.00,5.76,5.66,,,,,,,,,,
78-01,2,0.00,6.20,5.77,,,,,,,,,,
78-02,2,0.00,6.64,6.74,,,,,,,,,,
78-02,2,0.00,6.33,5.96,,,,,,,,,,
78-02,2,0.00,7.24,7.22,,,,,,,,,,
78-02,2,0.00,6.44,6.77,,,,,,,,,,
78-05,2,0.00,6.43,6.54,,,,,,,,,,
78-05,2,0.00,6.16,6.38,,,,,,,,,,
78-05,2,0.00,6.95,6.75,,,,,,,,,,
78-05,2,0.00,6.51,6.26,,,,,,,,,,
S-01,2,0.00,5.68,5.86,,,,,,,,,,
S-01,2,0.00,5.33,5.41,,,,,,,,,,
S-01,2,0.00,6.43,6.30,,,,,,,,,,
S-01,2,0.00,6.45,6.40,,,,,,,,,,
H-01,2,0.00,7.14,7.20,,,,,,,,,,
H-01,2,0.00,6.74,6.93,,,,,,,,,,
H-01,2,0.00,6.83,6.83,,,,,,,,,,
H-01,2,0.00,6.67,6.56,,,,,,,,,,
H-03,2,0.00,6.99,6.64,,,,,,,,,,
H-03,2,0.00,5.87,5.98,,,,,,,,,,
H-03,2,0.00,6.68,6.47,,,,,,,,,,
H-03,2,0.00,7.08,7.15,,,,,,,,,,
H-04,2,0.00,5.83,6.03,,,,,,,,,,
H-04,2,0.00,4.87,4.48,,,,,,,,,,
H-04,2,0.00,6.04,5.92,,,,,,,,,,
H-04,2,0.00,5.90,6.24,,,,,,,,,,
I-20,2,0.00,6.91,6.84,,,,,,,,,,
I-20,2,0.00,6.10,6.42,,,,,,,,,,
I-20,2,0.00,5.90,5.95,,,,,,,,,,
I-20,2,0.00,6.64,6.45,,,,,,,,,,
419,2,0.00,6.41,6.18,,,,,,,,,,
419,2,0.00,5.25,5.32,,,,,,,,,,
419,2,0.00,6.33,6.49,,,,,,,,,,
419,2,0.00,6.16,6.20,,,,,,,,,,
413,2,0.00,6.72,6.39,,,,,,,,,,
413,2,0.00,5.80,5.92,,,,,,,,,,
413,2,0.00,6.42,6.57,,,,,,,,,,
413,2,0.00,6.53,6.33,,,,,,,,,,
W212,2,0.00,7.50,7.37,,,,,,,,,,
W212,2,0.00,7.13,7.40,,,,,,,,,,
W212,2,0.00,7.46,7.39,,,,,,,,,,
W212,2,0.00,7.48,7.78,,,,,,,,,,
318,2,0.00,7.43,7.57,,,,,,,,,,
318,2,0.00,7.12,7.44,,,,,,,,,,
318,2,0.00,7.23,7.57,,,,,,,,,,
318,2,0.00,7.60,7.83,,,,,,,,,,
1025,2,0.00,5.97,5.94,,,,,,,,,,
1025,2,0.00,5.98,6.05,,,,,,,,,,
1025,2,0.00,5.97,5.52,,,,,,,,,,
1025,2,0.00,6.37,6.15,,,,,,,,,,
1026,2,0.00,6.89,6.99,,,,,,,,,,
1026,2,0.00,5.28,5.66,,,,,,,,,,
1026,2,0.00,6.35,6.51,,,,,,,,,,
1026,2,0.00,7.16,7.00,,,,,,,,,,
1027,2,0.00,6.30,6.01,,,,,,,,,,
1027,2,0.00,6.61,6.36,,,,,,,,,,
1027,2,0.00,6.78,6.77,,,,,,,,,,
1027,2,0.00,6.75,6.87,,,,,,,,,,
1029,2,0.00,7.28,7.20,,,,,,,,,,
1029,2,0.00,6.93,6.64,,,,,,,,,,
1029,2,0.00,7.47,7.04,,,,,,,,,,
1029,2,0.00,7.27,7.20,,,,,,,,,,
1032,2,0.00,6.71,6.71,,,,,,,,,,
1032,2,0.00,6.30,6.30,,,,,,,,,,
1032,2,0.00,6.27,6.28,,,,,,,,,,
1032,2,0.00,6.84,6.69,,,,,,,,,,
1033,2,0.00,6.95,6.95,,,,,,,,,,
1033,2,0.00,6.70,7.21,,,,,,,,,,
1033,2,0.00,6.32,6.28,,,,,,,,,,
1033,2,0.00,7.43,7.28,,,,,,,,,,
1,2,0.01,4.02,4.02,,,,,,,,,,
1,2,0.01,4.08,4.00,,,,,,,,,,
1,2,0.01,4.10,3.91,,,,,,,,,,
1,2,0.01,3.81,3.80,,,,,,,,,,
8,2,0.01,3.76,3.66,,,,,,,,,,
8,2,0.01,4.46,4.27,,,,,,,,,,
8,2,0.01,3.90,3.81,,,,,,,,,,
8,2,0.01,3.96,3.82,,,,,,,,,,
12B,2,0.01,3.73,3.58,,,,,,,,,,
12B,2,0.01,4.03,4.10,,,,,,,,,,
12B,2,0.01,3.81,3.87,,,,,,,,,,
12B,2,0.01,3.91,3.71,,,,,,,,,,
20,2,0.01,3.51,3.45,,,,,,,,,,
20,2,0.01,4.61,4.40,,,,,,,,,,
20,2,0.01,3.72,3.86,,,,,,,,,,
20,2,0.01,3.73,3.73,,,,,,,,,,
123,2,0.01,3.49,3.08,,,,,,,,,,
123,2,0.01,3.97,4.01,,,,,,,,,,
123,2,0.01,3.83,3.77,,,,,,,,,,
123,2,0.01,3.78,3.75,,,,,,,,,,
21,2,0.01,3.34,3.27,,,,,,,,,,
21,2,0.01,4.25,4.24,,,,,,,,,,
21,2,0.01,3.75,3.87,,,,,,,,,,
21,2,0.01,3.90,3.83,,,,,,,,,,
74SS1,2,0.01,3.00,3.11,,,,,,,,,,
74SS1,2,0.01,3.00,3.47,,,,,,,,,,
74SS1,2,0.01,3.23,2.84,,,,,,,,,,
74SS1,2,0.01,2.48,2.75,,,,,,,,,,
87,2,0.01,2.27,2.14,,,,,,,,,,
87,2,0.01,2.74,2.94,,,,,,,,,,
87,2,0.01,3.48,3.25,,,,,,,,,,
87,2,0.01,2.06,1.96,,,,,,,,,,
118,2,0.01,3.07,3.48,,,,,,,,,,
118,2,0.01,3.94,3.79,,,,,,,,,,
118,2,0.01,3.56,3.97,,,,,,,,,,
118,2,0.01,3.94,3.94,,,,,,,,,,
129,2,0.01,3.37,2.86,,,,,,,,,,
129,2,0.01,4.34,4.35,,,,,,,,,,
129,2,0.01,3.73,3.57,,,,,,,,,,
129,2,0.01,3.52,3.56,,,,,,,,,,
449,2,0.01,3.67,3.48,,,,,,,,,,
449,2,0.01,4.62,4.62,,,,,,,,,,
449,2,0.01,4.06,4.16,,,,,,,,,,
449,2,0.01,3.68,3.84,,,,,,,,,,
461,2,0.01,2.72,2.48,,,,,,,,,,
461,2,0.01,3.63,3.06,,,,,,,,,,
461,2,0.01,3.21,2.94,,,,,,,,,,
461,2,0.01,3.45,3.24,,,,,,,,,,
467,2,0.01,3.60,3.87,,,,,,,,,,
467,2,0.01,4.25,4.25,,,,,,,,,,
467,2,0.01,4.23,4.05,,,,,,,,,,
467,2,0.01,3.60,3.83,,,,,,,,,,
475,2,0.01,3.27,3.11,,,,,,,,,,
475,2,0.01,4.28,4.43,,,,,,,,,,
475,2,0.01,3.89,3.79,,,,,,,,,,
475,2,0.01,3.90,4.09,,,,,,,,,,
558,2,0.01,3.92,3.75,,,,,,,,,,
558,2,0.01,4.12,4.25,,,,,,,,,,
558,2,0.01,4.07,4.13,,,,,,,,,,
558,2,0.01,4.28,4.22,,,,,,,,,,
564,2,0.01,3.76,3.81,,,,,,,,,,
564,2,0.01,3.60,4.11,,,,,,,,,,
564,2,0.01,3.07,3.44,,,,,,,,,,
564,2,0.01,4.34,3.86,,,,,,,,,,
568,2,0.01,3.15,2.84,,,,,,,,,,
568,2,0.01,3.99,3.89,,,,,,,,,,
568,2,0.01,3.66,3.58,,,,,,,,,,
568,2,0.01,3.28,3.25,,,,,,,,,,
581,2,0.01,3.76,3.71,,,,,,,,,,
581,2,0.01,4.80,4.68,,,,,,,,,,
581,2,0.01,4.59,4.61,,,,,,,,,,
581,2,0.01,4.53,4.50,,,,,,,,,,
645,2,0.01,3.75,3.75,,,,,,,,,,
645,2,0.01,3.90,4.02,,,,,,,,,,
645,2,0.01,3.90,3.92,,,,,,,,,,
645,2,0.01,3.70,3.79,,,,,,,,,,
667,2,0.01,3.14,3.51,,,,,,,,,,
667,2,0.01,4.05,4.39,,,,,,,,,,
667,2,0.01,3.96,4.04,,,,,,,,,,
667,2,0.01,3.90,3.75,,,,,,,,,,
800,2,0.01,3.47,5.59,,,,,,,,,,
800,2,0.01,4.05,4.04,,,,,,,,,,
800,2,0.01,3.91,4.11,,,,,,,,,,
800,2,0.01,4.20,4.13,,,,,,,,,,
62-02,2,0.01,2.89,2.88,,,,,,,,,,
62-02,2,0.01,4.62,4.20,,,,,,,,,,
62-02,2,0.01,4.14,4.07,,,,,,,,,,
62-02,2,0.01,3.75,3.43,,,,,,,,,,
62-03,2,0.01,3.55,4.00,,,,,,,,,,
62-03,2,0.01,4.39,4.22,,,,,,,,,,
62-03,2,0.01,3.95,3.52,,,,,,,,,,
62-03,2,0.01,4.13,4.10,,,,,,,,,,
62-04,2,0.01,1.70,2.01,,,,,,,,,,
62-04,2,0.01,2.91,2.91,,,,,,,,,,
62-04,2,0.01,1.58,1.20,,,,,,,,,,
62-04,2,0.01,1.84,1.47,,,,,,,,,,
78-01,2,0.01,0.00,0.00,,,,,,,,,,
78-01,2,0.01,0.00,0.00,,,,,,,,,,
78-01,2,0.01,1.68,1.81,,,,,,,,,,
78-01,2,0.01,0.00,0.00,,,,,,,,,,
78-02,2,0.01,1.58,1.69,,,,,,,,,,
78-02,2,0.01,3.48,3.66,,,,,,,,,,
78-02,2,0.01,3.74,3.54,,,,,,,,,,
78-02,2,0.01,3.42,3.00,,,,,,,,,,
78-05,2,0.01,3.22,3.11,,,,,,,,,,
78-05,2,0.01,3.73,3.61,,,,,,,,,,
78-05,2,0.01,3.41,3.75,,,,,,,,,,
78-05,2,0.01,3.37,3.22,,,,,,,,,,
S-01,2,0.01,3.24,3.19,,,,,,,,,,
S-01,2,0.01,3.36,3.80,,,,,,,,,,
S-01,2,0.01,3.99,3.89,,,,,,,,,,
S-01,2,0.01,3.22,3.46,,,,,,,,,,
H-01,2,0.01,2.74,2.78,,,,,,,,,,
H-01,2,0.01,4.30,4.33,,,,,,,,,,
H-01,2,0.01,3.77,3.81,,,,,,,,,,
H-01,2,0.01,3.68,3.84,,,,,,,,,,
H-03,2,0.01,4.15,4.06,,,,,,,,,,
H-03,2,0.01,3.91,4.06,,,,,,,,,,
H-03,2,0.01,4.04,4.01,,,,,,,,,,
H-03,2,0.01,4.10,4.15,,,,,,,,,,
H-04,2,0.01,0.00,0.00,,,,,,,,,,
H-04,2,0.01,2.88,3.31,,,,,,,,,,
H-04,2,0.01,2.31,2.24,,,,,,,,,,
H-04,2,0.01,3.00,3.11,,,,,,,,,,
I-20,2,0.01,1.98,2.31,,,,,,,,,,
I-20,2,0.01,4.10,4.21,,,,,,,,,,
I-20,2,0.01,2.79,2.58,,,,,,,,,,
I-20,2,0.01,2.06,1.81,,,,,,,,,,
419,2,0.01,0.00,0.00,,,,,,,,,,
419,2,0.01,3.95,3.65,,,,,,,,,,
419,2,0.01,3.57,3.49,,,,,,,,,,
419,2,0.01,3.10,3.19,,,,,,,,,,
413,2,0.01,0.00,0.00,,,,,,,,,,
413,2,0.01,3.71,3.39,,,,,,,,,,
413,2,0.01,1.49,1.28,,,,,,,,,,
413,2,0.01,2.10,2.58,,,,,,,,,,
W212,2,0.01,3.61,3.57,,,,,,,,,,
W212,2,0.01,4.58,4.31,,,,,,,,,,
W212,2,0.01,4.46,4.15,,,,,,,,,,
W212,2,0.01,4.13,4.41,,,,,,,,,,
318,2,0.01,3.52,3.24,,,,,,,,,,
318,2,0.01,4.82,4.37,,,,,,,,,,
318,2,0.01,4.14,3.93,,,,,,,,,,
318,2,0.01,3.90,3.82,,,,,,,,,,
1025,2,0.01,2.65,2.92,,,,,,,,,,
1025,2,0.01,3.87,3.87,,,,,,,,,,
1025,2,0.01,2.02,2.29,,,,,,,,,,
1025,2,0.01,0.00,0.00,,,,,,,,,,
1026,2,0.01,3.55,3.59,,,,,,,,,,
1026,2,0.01,3.47,3.28,,,,,,,,,,
1026,2,0.01,4.05,3.96,,,,,,,,,,
1026,2,0.01,3.77,3.82,,,,,,,,,,
1027,2,0.01,3.09,2.99,,,,,,,,,,
1027,2,0.01,4.12,3.91,,,,,,,,,,
1027,2,0.01,3.59,3.85,,,,,,,,,,
1027,2,0.01,3.62,3.76,,,,,,,,,,
1029,2,0.01,3.47,3.73,,,,,,,,,,
1029,2,0.01,4.30,4.43,,,,,,,,,,
1029,2,0.01,4.35,4.05,,,,,,,,,,
1029,2,0.01,4.21,4.10,,,,,,,,,,
1032,2,0.01,3.46,3.67,,,,,,,,,,
1032,2,0.01,4.16,4.44,,,,,,,,,,
1032,2,0.01,3.75,3.98,,,,,,,,,,
1032,2,0.01,3.85,3.77,,,,,,,,,,
1033,2,0.01,3.43,3.47,,,,,,,,,,
1033,2,0.01,4.05,4.67,,,,,,,,,,
1033,2,0.01,4.05,3.57,,,,,,,,,,
1033,2,0.01,3.47,3.21,,,,,,,,,,
1,2,0.02,2.33,2.38,,,,,,,,,,
1,2,0.02,2.47,2.56,,,,,,,,,,
1,2,0.02,2.79,2.65,,,,,,,,,,
1,2,0.02,2.73,2.57,,,,,,,,,,
8,2,0.02,3.03,3.14,,,,,,,,,,
8,2,0.02,2.66,2.89,,,,,,,,,,
8,2,0.02,2.80,2.61,,,,,,,,,,
8,2,0.02,3.09,2.87,,,,,,,,,,
12B,2,0.02,2.62,2.38,,,,,,,,,,
12B,2,0.02,2.56,2.52,,,,,,,,,,
12B,2,0.02,3.02,2.83,,,,,,,,,,
12B,2,0.02,3.20,2.87,,,,,,,,,,
20,2,0.02,2.94,2.43,,,,,,,,,,
20,2,0.02,1.81,1.87,,,,,,,,,,
20,2,0.02,2.60,2.18,,,,,,,,,,
20,2,0.02,2.73,2.73,,,,,,,,,,
123,2,0.02,2.91,2.70,,,,,,,,,,
123,2,0.02,2.79,2.73,,,,,,,,,,
123,2,0.02,2.84,2.43,,,,,,,,,,
123,2,0.02,2.75,2.48,,,,,,,,,,
21,2,0.02,1.71,1.49,,,,,,,,,,
21,2,0.02,1.78,1.64,,,,,,,,,,
21,2,0.02,0.95,0.56,,,,,,,,,,
21,2,0.02,1.70,1.56,,,,,,,,,,
74SS1,2,0.02,2.54,2.54,,,,,,,,,,
74SS1,2,0.02,0.00,0.00,,,,,,,,,,
74SS1,2,0.02,0.00,0.00,,,,,,,,,,
74SS1,2,0.02,0.00,0.00,,,,,,,,,,
87,2,0.02,0.00,0.00,,,,,,,,,,
87,2,0.02,0.00,0.00,,,,,,,,,,
87,2,0.02,1.22,1.26,,,,,,,,,,
87,2,0.02,0.00,0.00,,,,,,,,,,
118,2,0.02,2.35,2.46,,,,,,,,,,
118,2,0.02,2.22,2.32,,,,,,,,,,
118,2,0.02,2.39,2.86,,,,,,,,,,
118,2,0.02,2.50,2.50,,,,,,,,,,
129,2,0.02,2.47,2.47,,,,,,,,,,
129,2,0.02,2.38,2.59,,,,,,,,,,
129,2,0.02,2.43,2.21,,,,,,,,,,
129,2,0.02,2.33,2.39,,,,,,,,,,
449,2,0.02,3.16,3.11,,,,,,,,,,
449,2,0.02,3.26,3.10,,,,,,,,,,
449,2,0.02,2.60,2.69,,,,,,,,,,
449,2,0.02,1.71,1.37,,,,,,,,,,
461,2,0.02,1.85,1.75,,,,,,,,,,
461,2,0.02,2.35,2.10,,,,,,,,,,
461,2,0.02,2.23,2.15,,,,,,,,,,
461,2,0.02,2.30,2.17,,,,,,,,,,
467,2,0.02,2.96,2.92,,,,,,,,,,
467,2,0.02,2.89,3.24,,,,,,,,,,
467,2,0.02,3.39,3.27,,,,,,,,,,
467,2,0.02,3.31,3.04,,,,,,,,,,
475,2,0.02,2.56,2.38,,,,,,,,,,
475,2,0.02,2.37,2.49,,,,,,,,,,
475,2,0.02,2.31,2.17,,,,,,,,,,
475,2,0.02,2.31,2.31,,,,,,,,,,
558,2,0.02,3.19,3.43,,,,,,,,,,
558,2,0.02,2.97,2.88,,,,,,,,,,
558,2,0.02,2.87,3.05,,,,,,,,,,
558,2,0.02,3.21,3.19,,,,,,,,,,
564,2,0.02,1.98,1.90,,,,,,,,,,
564,2,0.02,0.00,0.00,,,,,,,,,,
564,2,0.02,2.71,2.50,,,,,,,,,,
564,2,0.02,2.26,2.50,,,,,,,,,,
568,2,0.02,2.06,2.22,,,,,,,,,,
568,2,0.02,2.92,2.91,,,,,,,,,,
568,2,0.02,2.55,2.55,,,,,,,,,,
568,2,0.02,2.93,2.94,,,,,,,,,,
581,2,0.02,3.66,3.72,,,,,,,,,,
581,2,0.02,3.58,3.53,,,,,,,,,,
581,2,0.02,3.36,3.60,,,,,,,,,,
581,2,0.02,3.23,3.38,,,,,,,,,,
645,2,0.02,3.39,3.14,,,,,,,,,,
645,2,0.02,3.32,3.10,,,,,,,,,,
645,2,0.02,3.06,2.97,,,,,,,,,,
645,2,0.02,3.16,3.26,,,,,,,,,,
667,2,0.02,3.05,3.01,,,,,,,,,,
667,2,0.02,2.88,3.03,,,,,,,,,,
667,2,0.02,2.88,3.19,,,,,,,,,,
667,2,0.02,3.07,3.03,,,,,,,,,,
800,2,0.02,2.22,2.17,,,,,,,,,,
800,2,0.02,2.12,2.08,,,,,,,,,,
800,2,0.02,2.36,2.02,,,,,,,,,,
800,2,0.02,2.60,2.83,,,,,,,,,,
62-02,2,0.02,2.17,2.58,,,,,,,,,,
62-02,2,0.02,3.02,2.72,,,,,,,,,,
62-02,2,0.02,3.13,2.65,,,,,,,,,,
62-02,2,0.02,2.54,2.87,,,,,,,,,,
62-03,2,0.02,3.35,3.63,,,,,,,,,,
62-03,2,0.02,2.78,2.88,,,,,,,,,,
62-03,2,0.02,2.80,3.27,,,,,,,,,,
62-03,2,0.02,2.92,2.59,,,,,,,,,,
62-04,2,0.02,2.51,2.36,,,,,,,,,,
62-04,2,0.02,0.00,0.00,,,,,,,,,,
62-04,2,0.02,0.00,0.00,,,,,,,,,,
62-04,2,0.02,0.00,0.00,,,,,,,,,,
78-01,2,0.02,0.00,0.00,,,,,,,,,,
78-01,2,0.02,1.04,1.04,,,,,,,,,,
78-01,2,0.02,0.00,0.00,,,,,,,,,,
78-01,2,0.02,0.00,0.00,,,,,,,,,,
78-02,2,0.02,1.66,1.66,,,,,,,,,,
78-02,2,0.02,2.73,2.93,,,,,,,,,,
78-02,2,0.02,2.90,2.64,,,,,,,,,,
78-02,2,0.02,0.00,0.00,,,,,,,,,,
78-05,2,0.02,2.36,2.49,,,,,,,,,,
78-05,2,0.02,2.37,2.63,,,,,,,,,,
78-05,2,0.02,2.43,2.55,,,,,,,,,,
78-05,2,0.02,2.49,2.52,,,,,,,,,,
S-01,2,0.02,2.04,1.85,,,,,,,,,,
S-01,2,0.02,1.85,2.10,,,,,,,,,,
S-01,2,0.02,2.80,2.47,,,,,,,,,,
S-01,2,0.02,1.96,2.08,,,,,,,,,,
H-01,2,0.02,2.08,2.30,,,,,,,,,,
H-01,2,0.02,2.20,1.97,,,,,,,,,,
H-01,2,0.02,2.38,2.40,,,,,,,,,,
H-01,2,0.02,2.55,2.51,,,,,,,,,,
H-03,2,0.02,3.17,3.26,,,,,,,,,,
H-03,2,0.02,1.98,2.20,,,,,,,,,,
H-03,2,0.02,2.72,2.53,,,,,,,,,,
H-03,2,0.02,2.97,2.69,,,,,,,,,,
H-04,2,0.02,0.00,0.00,,,,,,,,,,
H-04,2,0.02,0.00,0.00,,,,,,,,,,
H-04,2,0.02,0.00,0.00,,,,,,,,,,
H-04,2,0.02,0.00,0.00,,,,,,,,,,
I-20,2,0.02,0.00,0.00,,,,,,,,,,
I-20,2,0.02,0.00,0.00,,,,,,,,,,
I-20,2,0.02,2.99,3.31,,,,,,,,,,
I-20,2,0.02,0.00,0.00,,,,,,,,,,
419,2,0.02,0.99,1.06,,,,,,,,,,
419,2,0.02,2.44,2.36,,,,,,,,,,
419,2,0.02,2.22,2.12,,,,,,,,,,
419,2,0.02,0.68,0.83,,,,,,,,,,
413,2,0.02,0.00,0.00,,,,,,,,,,
413,2,0.02,1.39,1.35,,,,,,,,,,
413,2,0.02,1.30,1.84,,,,,,,,,,
413,2,0.02,0.00,0.00,,,,,,,,,,
W212,2,0.02,2.55,2.71,,,,,,,,,,
W212,2,0.02,2.49,2.38,,,,,,,,,,
W212,2,0.02,3.07,3.10,,,,,,,,,,
W212,2,0.02,2.67,2.86,,,,,,,,,,
318,2,0.02,2.33,2.25,,,,,,,,,,
318,2,0.02,2.78,2.75,,,,,,,,,,
318,2,0.02,2.81,2.78,,,,,,,,,,
318,2,0.02,2.18,2.42,,,,,,,,,,
1025,2,0.02,1.66,1.87,,,,,,,,,,
1025,2,0.02,0.69,1.04,,,,,,,,,,
1025,2,0.02,1.53,1.35,,,,,,,,,,
1025,2,0.02,0.00,0.00,,,,,,,,,,
1026,2,0.02,3.12,3.05,,,,,,,,,,
1026,2,0.02,0.00,0.00,,,,,,,,,,
1026,2,0.02,2.32,2.10,,,,,,,,,,
1026,2,0.02,2.00,1.97,,,,,,,,,,
1027,2,0.02,2.42,2.66,,,,,,,,,,
1027,2,0.02,2.28,2.09,,,,,,,,,,
1027,2,0.02,2.55,2.53,,,,,,,,,,
1027,2,0.02,2.10,2.44,,,,,,,,,,
1029,2,0.02,3.11,2.86,,,,,,,,,,
1029,2,0.02,2.39,2.58,,,,,,,,,,
1029,2,0.02,2.85,2.82,,,,,,,,,,
1029,2,0.02,3.02,3.08,,,,,,,,,,
1032,2,0.02,2.41,2.86,,,,,,,,,,
1032,2,0.02,2.44,2.32,,,,,,,,,,
1032,2,0.02,2.06,2.13,,,,,,,,,,
1032,2,0.02,1.92,1.94,,,,,,,,,,
1033,2,0.02,2.64,2.28,,,,,,,,,,
1033,2,0.02,2.41,2.47,,,,,,,,,,
1033,2,0.02,2.81,2.67,,,,,,,,,,
1033,2,0.02,1.79,1.75,,,,,,,,,,
1,2,0.04,1.27,1.19,,,,,,,,,,
1,2,0.04,1.98,2.19,,,,,,,,,,
1,2,0.04,1.76,1.95,,,,,,,,,,
1,2,0.04,1.81,1.83,,,,,,,,,,
8,2,0.04,2.27,2.37,,,,,,,,,,
8,2,0.04,2.25,2.30,,,,,,,,,,
8,2,0.04,1.69,2.18,,,,,,,,,,
8,2,0.04,1.67,1.82,,,,,,,,,,
12B,2,0.04,1.94,1.52,,,,,,,,,,
12B,2,0.04,1.87,1.63,,,,,,,,,,
12B,2,0.04,1.67,1.90,,,,,,,,,,
12B,2,0.04,1.90,1.90,,,,,,,,,,
20,2,0.04,1.17,1.04,,,,,,,,,,
20,2,0.04,1.11,1.01,,,,,,,,,,
20,2,0.04,1.41,1.37,,,,,,,,,,
20,2,0.04,1.37,1.37,,,,,,,,,,
123,2,0.04,1.71,1.53,,,,,,,,,,
123,2,0.04,1.41,1.28,,,,,,,,,,
123,2,0.04,1.72,1.58,,,,,,,,,,
123,2,0.04,1.07,0.98,,,,,,,,,,
21,2,0.04,1.43,1.53,,,,,,,,,,
21,2,0.04,1.23,1.39,,,,,,,,,,
21,2,0.04,0.00,0.00,,,,,,,,,,
21,2,0.04,0.00,0.00,,,,,,,,,,
74SS1,2,0.04,1.24,1.24,,,,,,,,,,
74SS1,2,0.04,0,0,,,,,,,,,,
74SS1,2,0.04,0.00,0.00,,,,,,,,,,
74SS1,2,0.04,0.00,0.00,,,,,,,,,,
87,2,0.04,0.00,0.00,,,,,,,,,,
87,2,0.04,0.30,0.30,,,,,,,,,,
87,2,0.04,0.00,0.00,,,,,,,,,,
87,2,0.04,0.00,0.00,,,,,,,,,,
118,2,0.04,1.78,1.77,,,,,,,,,,
118,2,0.04,1.71,1.48,,,,,,,,,,
118,2,0.04,1.64,1.77,,,,,,,,,,
118,2,0.04,1.39,1.31,,,,,,,,,,
129,2,0.04,0.90,1.33,,,,,,,,,,
129,2,0.04,1.44,1.36,,,,,,,,,,
129,2,0.04,1.37,1.11,,,,,,,,,,
129,2,0.04,1.45,1.45,,,,,,,,,,
449,2,0.04,1.98,1.69,,,,,,,,,,
449,2,0.04,1.88,2.12,,,,,,,,,,
449,2,0.04,1.82,1.87,,,,,,,,,,
449,2,0.04,1.52,1.73,,,,,,,,,,
461,2,0.04,1.54,1.62,,,,,,,,,,
461,2,0.04,1.64,1.71,,,,,,,,,,
461,2,0.04,1.42,1.36,,,,,,,,,,
461,2,0.04,1.42,1.25,,,,,,,,,,
467,2,0.04,1.83,1.92,,,,,,,,,,
467,2,0.04,2.30,2.38,,,,,,,,,,
467,2,0.04,2.13,2.08,,,,,,,,,,
467,2,0.04,1.75,1.53,,,,,,,,,,
475,2,0.04,1.03,1.18,,,,,,,,,,
475,2,0.04,1.42,1.37,,,,,,,,,,
475,2,0.04,1.26,1.32,,,,,,,,,,
475,2,0.04,1.13,0.96,,,,,,,,,,
558,2,0.04,1.44,1.60,,,,,,,,,,
558,2,0.04,2.44,2.53,,,,,,,,,,
558,2,0.04,2.67,2.66,,,,,,,,,,
558,2,0.04,2.57,2.73,,,,,,,,,,
564,2,0.04,0.00,0.00,,,,,,,,,,
564,2,0.04,0.00,0.00,,,,,,,,,,
564,2,0.04,2.09,2.05,,,,,,,,,,
564,2,0.04,1.99,1.64,,,,,,,,,,
568,2,0.04,1.65,1.71,,,,,,,,,,
568,2,0.04,2.04,2.01,,,,,,,,,,
568,2,0.04,1.80,1.82,,,,,,,,,,
568,2,0.04,1.75,1.46,,,,,,,,,,
581,2,0.04,2.56,2.50,,,,,,,,,,
581,2,0.04,2.41,2.58,,,,,,,,,,
581,2,0.04,2.52,2.46,,,,,,,,,,
581,2,0.04,2.35,2.44,,,,,,,,,,
645,2,0.04,1.99,2.10,,,,,,,,,,
645,2,0.04,2.17,2.27,,,,,,,,,,
645,2,0.04,2.26,2.19,,,,,,,,,,
645,2,0.04,2.13,1.97,,,,,,,,,,
667,2,0.04,2.25,2.24,,,,,,,,,,
667,2,0.04,2.34,2.41,,,,,,,,,,
667,2,0.04,2.54,2.24,,,,,,,,,,
667,2,0.04,2.16,2.29,,,,,,,,,,
800,2,0.04,1.31,1.39,,,,,,,,,,
800,2,0.04,1.47,1.40,,,,,,,,,,
800,2,0.04,1.41,1.43,,,,,,,,,,
800,2,0.04,1.54,1.23,,,,,,,,,,
62-02,2,0.04,1.66,1.77,,,,,,,,,,
62-02,2,0.04,2.03,1.84,,,,,,,,,,
62-02,2,0.04,0.37,0.67,,,,,,,,,,
62-02,2,0.04,1.17,1.12,,,,,,,,,,
62-03,2,0.04,2.23,2.37,,,,,,,,,,
62-03,2,0.04,2.26,2.24,,,,,,,,,,
62-03,2,0.04,2.24,2.17,,,,,,,,,,
62-03,2,0.04,2.23,2.07,,,,,,,,,,
62-04,2,0.04,1.62,1.62,,,,,,,,,,
62-04,2,0.04,0.00,0.00,,,,,,,,,,
62-04,2,0.04,0.00,0.00,,,,,,,,,,
62-04,2,0.04,0.00,0.00,,,,,,,,,,
78-01,2,0.04,0.00,0.00,,,,,,,,,,
78-01,2,0.04,0.00,0.00,,,,,,,,,,
78-01,2,0.04,0.00,0.00,,,,,,,,,,
78-01,2,0.04,0.00,0.00,,,,,,,,,,
78-02,2,0.04,0.00,0.00,,,,,,,,,,
78-02,2,0.04,1.61,1.89,,,,,,,,,,
78-02,2,0.04,1.46,1.70,,,,,,,,,,
78-02,2,0.04,0.15,0.15,,,,,,,,,,
78-05,2,0.04,1.39,1.20,,,,,,,,,,
78-05,2,0.04,1.62,1.80,,,,,,,,,,
78-05,2,0.04,1.69,1.46,,,,,,,,,,
78-05,2,0.04,1.33,1.19,,,,,,,,,,
S-01,2,0.04,1.12,1.12,,,,,,,,,,
S-01,2,0.04,1.27,1.14,,,,,,,,,,
S-01,2,0.04,1.63,1.54,,,,,,,,,,
S-01,2,0.04,1.32,1.32,,,,,,,,,,
H-01,2,0.04,0.82,0.75,,,,,,,,,,
H-01,2,0.04,1.22,1.40,,,,,,,,,,
H-01,2,0.04,1.25,1.25,,,,,,,,,,
H-01,2,0.04,1.16,1.06,,,,,,,,,,
H-03,2,0.04,2.69,2.79,,,,,,,,,,
H-03,2,0.04,2.32,1.95,,,,,,,,,,
H-03,2,0.04,0.00,0.00,,,,,,,,,,
H-03,2,0.04,1.23,1.21,,,,,,,,,,
H-04,2,0.04,0.00,0.00,,,,,,,,,,
H-04,2,0.04,0.00,0.00,,,,,,,,,,
H-04,2,0.04,0.00,0.00,,,,,,,,,,
H-04,2,0.04,0.00,0.00,,,,,,,,,,
I-20,2,0.04,0.00,0.00,,,,,,,,,,
I-20,2,0.04,0.00,0.00,,,,,,,,,,
I-20,2,0.04,0.00,0.00,,,,,,,,,,
I-20,2,0.04,0,0,,,,,,,,,,
419,2,0.04,0.93,1.11,,,,,,,,,,
419,2,0.04,1.08,1.20,,,,,,,,,,
419,2,0.04,1.53,1.57,,,,,,,,,,
419,2,0.04,0.00,0.00,,,,,,,,,,
413,2,0.04,0.85,0.49,,,,,,,,,,
413,2,0.04,0.25,0.25,,,,,,,,,,
413,2,0.04,0.00,0.00,,,,,,,,,,
413,2,0.04,0.00,0.00,,,,,,,,,,
W212,2,0.04,0.88,1.15,,,,,,,,,,
W212,2,0.04,1.42,1.37,,,,,,,,,,
W212,2,0.04,1.79,1.68,,,,,,,,,,
W212,2,0.04,1.33,1.23,,,,,,,,,,
318,2,0.04,1.19,1.30,,,,,,,,,,
318,2,0.04,1.50,1.31,,,,,,,,,,
318,2,0.04,1.23,1.18,,,,,,,,,,
318,2,0.04,1.14,1.33,,,,,,,,,,
1025,2,0.04,0.00,0.00,,,,,,,,,,
1025,2,0.04,0.00,0.00,,,,,,,,,,
1025,2,0.04,1.10,1.10,,,,,,,,,,
1025,2,0.04,0.00,0.00,,,,,,,,,,
1026,2,0.04,1.83,1.89,,,,,,,,,,
1026,2,0.04,0.00,0.00,,,,,,,,,,
1026,2,0.04,0.96,0.80,,,,,,,,,,
1026,2,0.04,1.03,1.11,,,,,,,,,,
1027,2,0.04,1.43,1.43,,,,,,,,,,
1027,2,0.04,1.63,1.53,,,,,,,,,,
1027,2,0.04,1.83,1.95,,,,,,,,,,
1027,2,0.04,1.36,1.24,,,,,,,,,,
1029,2,0.04,1.83,2.02,,,,,,,,,,
1029,2,0.04,1.97,2.10,,,,,,,,,,
1029,2,0.04,2.02,2.05,,,,,,,,,,
1029,2,0.04,1.95,1.79,,,,,,,,,,
1032,2,0.04,1.62,1.49,,,,,,,,,,
1032,2,0.04,0.91,0.88,,,,,,,,,,
1032,2,0.04,1.34,1.11,,,,,,,,,,
1032,2,0.04,1.23,1.08,,,,,,,,,,
1033,2,0.04,2.09,2.12,,,,,,,,,,
1033,2,0.04,2.01,1.96,,,,,,,,,,
1033,2,0.04,1.57,1.83,,,,,,,,,,
1033,2,0.04,1.70,1.77,,,,,,,,,,
1,2,0.06,1.58,1.46,,,,,,,,,,
1,2,0.06,1.59,1.46,,,,,,,,,,
1,2,0.06,1.40,1.53,,,,,,,,,,
1,2,0.06,1.12,1.37,,,,,,,,,,
8,2,0.06,1.44,1.69,,,,,,,,,,
8,2,0.06,1.87,1.73,,,,,,,,,,
8,2,0.06,1.46,1.61,,,,,,,,,,
8,2,0.06,1.91,1.96,,,,,,,,,,
12B,2,0.06,1.19,0.83,,,,,,,,,,
12B,2,0.06,1.58,1.39,,,,,,,,,,
12B,2,0.06,1.33,1.46,,,,,,,,,,
12B,2,0.06,1.25,1.42,,,,,,,,,,
20,2,0.06,0.85,0.69,,,,,,,,,,
20,2,0.06,0.00,0.00,,,,,,,,,,
20,2,0.06,0.00,0.00,,,,,,,,,,
20,2,0.06,0.96,0.91,,,,,,,,,,
123,2,0.06,1.03,0.91,,,,,,,,,,
123,2,0.06,1.37,1.04,,,,,,,,,,
123,2,0.06,0.68,0.89,,,,,,,,,,
123,2,0.06,0.90,0.78,,,,,,,,,,
21,2,0.06,1.04,1.04,,,,,,,,,,
21,2,0.06,0.00,0.00,,,,,,,,,,
21,2,0.06,0.00,0.00,,,,,,,,,,
21,2,0.06,0.00,0.00,,,,,,,,,,
74SS1,2,0.06,0.93,1.09,,,,,,,,,,
74SS1,2,0.06,0.00,0.00,,,,,,,,,,
74SS1,2,0.06,0.00,0.00,,,,,,,,,,
74SS1,2,0.06,0.00,0.00,,,,,,,,,,
87,2,0.06,0.00,0.00,,,,,,,,,,
87,2,0.06,0.10,0.10,,,,,,,,,,
87,2,0.06,0.00,0.00,,,,,,,,,,
87,2,0.06,0.00,0.00,,,,,,,,,,
118,2,0.06,0.88,1.33,,,,,,,,,,
118,2,0.06,1.06,1.08,,,,,,,,,,
118,2,0.06,1.49,1.65,,,,,,,,,,
118,2,0.06,1.23,1.32,,,,,,,,,,
129,2,0.06,0.20,0.20,,,,,,,,,,
129,2,0.06,0.00,0.00,,,,,,,,,,
129,2,0.06,0.89,0.74,,,,,,,,,,
129,2,0.06,0.92,1.03,,,,,,,,,,
449,2,0.06,1.35,1.23,,,,,,,,,,
449,2,0.06,1.94,2.21,,,,,,,,,,
449,2,0.06,2.02,1.70,,,,,,,,,,
449,2,0.06,1.81,1.42,,,,,,,,,,
461,2,0.06,1.01,1.16,,,,,,,,,,
461,2,0.06,1.21,1.45,,,,,,,,,,
461,2,0.06,1.56,1.33,,,,,,,,,,
461,2,0.06,1.17,1.14,,,,,,,,,,
467,2,0.06,1.82,1.75,,,,,,,,,,
467,2,0.06,1.86,1.78,,,,,,,,,,
467,2,0.06,1.65,1.61,,,,,,,,,,
467,2,0.06,1.14,0.98,,,,,,,,,,
475,2,0.06,0.87,0.77,,,,,,,,,,
475,2,0.06,0.35,0.35,,,,,,,,,,
475,2,0.06,0.62,0.74,,,,,,,,,,
475,2,0.06,0.30,0.30,,,,,,,,,,
558,2,0.06,1.15,1.34,,,,,,,,,,
558,2,0.06,0.00,0.00,,,,,,,,,,
558,2,0.06,1.88,2.09,,,,,,,,,,
558,2,0.06,2.16,2.34,,,,,,,,,,
564,2,0.06,0.00,0.00,,,,,,,,,,
564,2,0.06,0.00,0.00,,,,,,,,,,
564,2,0.06,1.70,1.48,,,,,,,,,,
564,2,0.06,1.04,1.19,,,,,,,,,,
568,2,0.06,1.28,1.21,,,,,,,,,,
568,2,0.06,1.25,1.31,,,,,,,,,,
568,2,0.06,2.37,2.32,,,,,,,,,,
568,2,0.06,1.29,1.28,,,,,,,,,,
581,2,0.06,1.72,1.72,,,,,,,,,,
581,2,0.06,2.11,1.91,,,,,,,,,,
581,2,0.06,2.38,2.21,,,,,,,,,,
581,2,0.06,2.07,2.11,,,,,,,,,,
645,2,0.06,1.48,1.55,,,,,,,,,,
645,2,0.06,1.59,1.52,,,,,,,,,,
645,2,0.06,1.75,1.91,,,,,,,,,,
645,2,0.06,2.03,1.95,,,,,,,,,,
667,2,0.06,1.78,1.63,,,,,,,,,,
667,2,0.06,1.85,1.99,,,,,,,,,,
667,2,0.06,1.96,2.00,,,,,,,,,,
667,2,0.06,1.36,1.48,,,,,,,,,,
800,2,0.06,0.20,0.20,,,,,,,,,,
800,2,0.06,1.12,0.92,,,,,,,,,,
800,2,0.06,1.13,1.11,,,,,,,,,,
800,2,0.06,0.25,0.25,,,,,,,,,,
62-02,2,0.06,1.69,1.68,,,,,,,,,,
62-02,2,0.06,1.65,1.75,,,,,,,,,,
62-02,2,0.06,1.07,1.34,,,,,,,,,,
62-02,2,0.06,0.20,0.20,,,,,,,,,,
62-03,2,0.06,1.64,1.48,,,,,,,,,,
62-03,2,0.06,1.84,1.65,,,,,,,,,,
62-03,2,0.06,1.52,1.58,,,,,,,,,,
62-03,2,0.06,1.77,1.76,,,,,,,,,,
62-04,2,0.06,1.49,1.39,,,,,,,,,,
62-04,2,0.06,0.00,0.00,,,,,,,,,,
62-04,2,0.06,0.00,0.00,,,,,,,,,,
62-04,2,0.06,0.00,0.00,,,,,,,,,,
78-01,2,0.06,0.00,0.00,,,,,,,,,,
78-01,2,0.06,0.00,0.00,,,,,,,,,,
78-01,2,0.06,0.00,0.00,,,,,,,,,,
78-01,2,0.06,0.00,0.00,,,,,,,,,,
78-02,2,0.06,0.00,0.00,,,,,,,,,,
78-02,2,0.06,1.46,1.38,,,,,,,,,,
78-02,2,0.06,1.28,1.25,,,,,,,,,,
78-02,2,0.06,1.39,1.43,,,,,,,,,,
78-05,2,0.06,1.25,1.20,,,,,,,,,,
78-05,2,0.06,0.78,0.86,,,,,,,,,,
78-05,2,0.06,1.21,1.18,,,,,,,,,,
78-05,2,0.06,0.79,0.61,,,,,,,,,,
S-01,2,0.06,0.60,1.17,,,,,,,,,,
S-01,2,0.06,1.12,1.08,,,,,,,,,,
S-01,2,0.06,1.27,1.19,,,,,,,,,,
S-01,2,0.06,1.23,1.32,,,,,,,,,,
H-01,2,0.06,0.35,0.35,,,,,,,,,,
H-01,2,0.06,0.00,0.00,,,,,,,,,,
H-01,2,0.06,0.15,0.15,,,,,,,,,,
H-01,2,0.06,0.15,0.15,,,,,,,,,,
H-03,2,0.06,0.10,0.10,,,,,,,,,,
H-03,2,0.06,1.54,1.60,,,,,,,,,,
H-03,2,0.06,0.83,0.82,,,,,,,,,,
H-03,2,0.06,0.82,0.86,,,,,,,,,,
H-04,2,0.06,0.00,0.00,,,,,,,,,,
H-04,2,0.06,0.00,0.00,,,,,,,,,,
H-04,2,0.06,0.00,0.00,,,,,,,,,,
H-04,2,0.06,0.00,0.00,,,,,,,,,,
I-20,2,0.06,0.00,0.00,,,,,,,,,,
I-20,2,0.06,0.00,0.00,,,,,,,,,,
I-20,2,0.06,0.00,0.00,,,,,,,,,,
I-20,2,0.06,0.00,0.00,,,,,,,,,,
419,2,0.06,1.02,1.00,,,,,,,,,,
419,2,0.06,1.05,1.05,,,,,,,,,,
419,2,0.06,0.00,0.00,,,,,,,,,,
419,2,0.06,0.00,0.00,,,,,,,,,,
413,2,0.06,0.00,0.00,,,,,,,,,,
413,2,0.06,0.10,0.10,,,,,,,,,,
413,2,0.06,1.00,0.79,,,,,,,,,,
413,2,0.06,0.00,0.00,,,,,,,,,,
W212,2,0.06,0.30,0.30,,,,,,,,,,
W212,2,0.06,1.23,0.97,,,,,,,,,,
W212,2,0.06,1.02,1.16,,,,,,,,,,
W212,2,0.06,0.40,0.40,,,,,,,,,,
318,2,0.06,1.17,1.03,,,,,,,,,,
318,2,0.06,1.08,1.14,,,,,,,,,,
318,2,0.06,0.95,0.59,,,,,,,,,,
318,2,0.06,1.04,0.78,,,,,,,,,,
1025,2,0.06,0.00,0.00,,,,,,,,,,
1025,2,0.06,0.00,0.00,,,,,,,,,,
1025,2,0.06,0.89,1.04,,,,,,,,,,
1025,2,0.06,0.00,0.00,,,,,,,,,,
1026,2,0.06,1.05,0.97,,,,,,,,,,
1026,2,0.06,0.00,0.00,,,,,,,,,,
1026,2,0.06,0.20,0.20,,,,,,,,,,
1026,2,0.06,0.83,0.76,,,,,,,,,,
1027,2,0.06,1.54,1.47,,,,,,,,,,
1027,2,0.06,1.44,1.67,,,,,,,,,,
1027,2,0.06,0.70,0.70,,,,,,,,,,
1027,2,0.06,1.03,1.18,,,,,,,,,,
1029,2,0.06,1.65,1.53,,,,,,,,,,
1029,2,0.06,1.54,1.69,,,,,,,,,,
1029,2,0.06,1.76,1.58,,,,,,,,,,
1029,2,0.06,1.27,1.67,,,,,,,,,,
1032,2,0.06,1.24,1.08,,,,,,,,,,
1032,2,0.06,1.41,1.27,,,,,,,,,,
1032,2,0.06,0.90,0.98,,,,,,,,,,
1032,2,0.06,1.33,1.41,,,,,,,,,,
1033,2,0.06,1.32,1.46,,,,,,,,,,
1033,2,0.06,1.33,1.69,,,,,,,,,,
1033,2,0.06,1.34,1.34,,,,,,,,,,
1033,2,0.06,1.63,1.44,,,,,,,,,,
1,2,0.10,0.20,0.20,,,,,,,,,,
1,2,0.10,0.97,0.61,,,,,,,,,,
1,2,0.10,1.14,0.72,,,,,,,,,,
1,2,0.10,1.04,1.06,,,,,,,,,,
8,2,0.10,1.27,1.03,,,,,,,,,,
8,2,0.10,1.31,1.31,,,,,,,,,,
8,2,0.10,1.03,1.04,,,,,,,,,,
8,2,0.10,1.13,1.14,,,,,,,,,,
12B,2,0.10,0.10,0.10,,,,,,,,,,
12B,2,0.10,1.01,0.98,,,,,,,,,,
12B,2,0.10,1.04,0.93,,,,,,,,,,
12B,2,0.10,1.19,1.05,,,,,,,,,,
20,2,0.10,0.00,0.00,,,,,,,,,,
20,2,0.10,0.00,0.00,,,,,,,,,,
20,2,0.10,0.00,0.00,,,,,,,,,,
20,2,0.10,0.00,0.00,,,,,,,,,,
123,2,0.10,0.10,0.10,,,,,,,,,,
123,2,0.10,0.10,0.10,,,,,,,,,,
123,2,0.10,1.03,0.60,,,,,,,,,,
123,2,0.10,0.20,0.20,,,,,,,,,,
21,2,0.10,0.10,0.10,,,,,,,,,,
21,2,0.10,0.00,0.00,,,,,,,,,,
21,2,0.10,0.00,0.00,,,,,,,,,,
21,2,0.10,0.00,0.00,,,,,,,,,,
74SS1,2,0.10,0.00,0.00,,,,,,,,,,
74SS1,2,0.10,0.00,0.00,,,,,,,,,,
74SS1,2,0.10,0.00,0.00,,,,,,,,,,
74SS1,2,0.10,0.00,0.00,,,,,,,,,,
87,2,0.10,0.00,0.00,,,,,,,,,,
87,2,0.10,0.05,0.05,,,,,,,,,,
87,2,0.10,0.00,0.00,,,,,,,,,,
87,2,0.10,0.00,0.00,,,,,,,,,,
118,2,0.10,0.35,0.35,,,,,,,,,,
118,2,0.10,0.05,0.05,,,,,,,,,,
118,2,0.10,0.55,0.88,,,,,,,,,,
118,2,0.10,0.10,0.10,,,,,,,,,,
129,2,0.10,0.00,0.00,,,,,,,,,,
129,2,0.10,0.00,0.00,,,,,,,,,,
129,2,0.10,0.00,0.00,,,,,,,,,,
129,2,0.10,0.00,0.00,,,,,,,,,,
449,2,0.10,0.91,1.00,,,,,,,,,,
449,2,0.10,1.03,1.03,,,,,,,,,,
449,2,0.10,0.00,0.00,,,,,,,,,,
449,2,0.10,1.09,1.20,,,,,,,,,,
461,2,0.10,0.71,0.44,,,,,,,,,,
461,2,0.10,0.43,0.78,,,,,,,,,,
461,2,0.10,0.40,0.40,,,,,,,,,,
461,2,0.10,0.88,0.84,,,,,,,,,,
467,2,0.10,1.34,1.44,,,,,,,,,,
467,2,0.10,1.37,1.41,,,,,,,,,,
467,2,0.10,0.20,0.20,,,,,,,,,,
467,2,0.10,0.00,0.00,,,,,,,,,,
475,2,0.10,0.50,0.50,,,,,,,,,,
475,2,0.10,0.00,0.00,,,,,,,,,,
475,2,0.10,0.00,0.00,,,,,,,,,,
475,2,0.10,0.00,0.00,,,,,,,,,,
558,2,0.10,0.10,0.10,,,,,,,,,,
558,2,0.10,1.04,0.66,,,,,,,,,,
558,2,0.10,1.51,1.42,,,,,,,,,,
558,2,0.10,0.94,1.06,,,,,,,,,,
564,2,0.10,0.00,0.00,,,,,,,,,,
564,2,0.10,0.00,0.00,,,,,,,,,,
564,2,0.10,1.23,1.23,,,,,,,,,,
564,2,0.10,1.36,1.39,,,,,,,,,,
568,2,0.10,0.35,0.35,,,,,,,,,,
568,2,0.10,0.40,0.40,,,,,,,,,,
568,2,0.10,1.02,0.75,,,,,,,,,,
568,2,0.10,0.50,0.50,,,,,,,,,,
581,2,0.10,1.54,1.62,,,,,,,,,,
581,2,0.10,1.21,1.25,,,,,,,,,,
581,2,0.10,1.92,1.63,,,,,,,,,,
581,2,0.10,1.64,1.50,,,,,,,,,,
645,2,0.10,1.27,1.27,,,,,,,,,,
645,2,0.10,1.54,1.62,,,,,,,,,,
645,2,0.10,1.52,1.55,,,,,,,,,,
645,2,0.10,1.35,1.30,,,,,,,,,,
667,2,0.10,0.71,0.89,,,,,,,,,,
667,2,0.10,1.18,1.39,,,,,,,,,,
667,2,0.10,1.15,1.20,,,,,,,,,,
667,2,0.10,0.67,0.75,,,,,,,,,,
800,2,0.10,0.00,0.00,,,,,,,,,,
800,2,0.10,0.00,0.00,,,,,,,,,,
800,2,0.10,0.00,0.00,,,,,,,,,,
800,2,0.10,0.00,0.00,,,,,,,,,,
62-02,2,0.10,0.50,0.50,,,,,,,,,,
62-02,2,0.10,1.08,1.08,,,,,,,,,,
62-02,2,0.10,0.00,0.00,,,,,,,,,,
62-02,2,0.10,0.00,0.00,,,,,,,,,,
62-03,2,0.10,0.00,0.00,,,,,,,,,,
62-03,2,0.10,0.97,1.03,,,,,,,,,,
62-03,2,0.10,1.21,0.82,,,,,,,,,,
62-03,2,0.10,1.12,1.40,,,,,,,,,,
62-04,2,0.10,0.35,0.35,,,,,,,,,,
62-04,2,0.10,0.00,0.00,,,,,,,,,,
62-04,2,0.10,0.00,0.00,,,,,,,,,,
62-04,2,0.10,0.00,0.00,,,,,,,,,,
78-01,2,0.10,0.00,0.00,,,,,,,,,,
78-01,2,0.10,0.00,0.00,,,,,,,,,,
78-01,2,0.10,0.00,0.00,,,,,,,,,,
78-01,2,0.10,0.00,0.00,,,,,,,,,,
78-02,2,0.10,0.20,0.20,,,,,,,,,,
78-02,2,0.10,0.87,0.74,,,,,,,,,,
78-02,2,0.10,1.51,1.51,,,,,,,,,,
78-02,2,0.10,0.00,0.00,,,,,,,,,,
78-05,2,0.10,0.95,0.71,,,,,,,,,,
78-05,2,0.10,0.10,0.10,,,,,,,,,,
78-05,2,0.10,0.15,0.15,,,,,,,,,,
78-05,2,0.10,0.30,0.30,,,,,,,,,,
S-01,2,0.10,0.20,0.20,,,,,,,,,,
S-01,2,0.10,0.50,0.50,,,,,,,,,,
S-01,2,0.10,0.99,0.83,,,,,,,,,,
S-01,2,0.10,1.16,1.11,,,,,,,,,,
H-01,2,0.10,0.00,0.00,,,,,,,,,,
H-01,2,0.10,0.00,0.00,,,,,,,,,,
H-01,2,0.10,0.00,0.00,,,,,,,,,,
H-01,2,0.10,0.05,0.05,,,,,,,,,,
H-03,2,0.10,0.00,0.00,,,,,,,,,,
H-03,2,0.10,1.41,1.01,,,,,,,,,,
H-03,2,0.10,0.00,0.00,,,,,,,,,,
H-03,2,0.10,1.16,1.10,,,,,,,,,,
H-04,2,0.10,0.00,0.00,,,,,,,,,,
H-04,2,0.10,0.00,0.00,,,,,,,,,,
H-04,2,0.10,0.00,0.00,,,,,,,,,,
H-04,2,0.10,0.00,0.00,,,,,,,,,,
I-20,2,0.10,0.00,0.00,,,,,,,,,,
I-20,2,0.10,0.00,0.00,,,,,,,,,,
I-20,2,0.10,0.00,0.00,,,,,,,,,,
I-20,2,0.10,0.00,0.00,,,,,,,,,,
419,2,0.10,0.10,0.93,,,,,,,,,,
419,2,0.10,0.30,0.30,,,,,,,,,,
419,2,0.10,0.00,0.00,,,,,,,,,,
419,2,0.10,0.00,0.00,,,,,,,,,,
413,2,0.10,0.00,0.00,,,,,,,,,,
413,2,0.10,0.00,0.00,,,,,,,,,,
413,2,0.10,0.85,0.89,,,,,,,,,,
413,2,0.10,0.00,0.00,,,,,,,,,,
W212,2,0.10,0.00,0.00,,,,,,,,,,
W212,2,0.10,0.20,0.20,,,,,,,,,,
W212,2,0.10,0.40,0.40,,,,,,,,,,
W212,2,0.10,0.00,0.00,,,,,,,,,,
318,2,0.10,0.15,0.15,,,,,,,,,,
318,2,0.10,0.30,0.30,,,,,,,,,,
318,2,0.10,0.00,0.00,,,,,,,,,,
318,2,0.10,0.35,0.35,,,,,,,,,,
1025,2,0.10,0.00,0.00,,,,,,,,,,
1025,2,0.10,0.00,0.00,,,,,,,,,,
1025,2,0.10,0.00,0.00,,,,,,,,,,
1025,2,0.10,0.00,0.00,,,,,,,,,,
1026,2,0.10,0.30,0.30,,,,,,,,,,
1026,2,0.10,0.00,0.00,,,,,,,,,,
1026,2,0.10,0.10,0.10,,,,,,,,,,
1026,2,0.10,0.55,0.55,,,,,,,,,,
1027,2,0.10,1.02,0.81,,,,,,,,,,
1027,2,0.10,0.50,0.50,,,,,,,,,,
1027,2,0.10,0.40,0.40,,,,,,,,,,
1027,2,0.10,0.60,0.60,,,,,,,,,,
1029,2,0.10,0.78,1.06,,,,,,,,,,
1029,2,0.10,1.22,1.31,,,,,,,,,,
1029,2,0.10,1.03,1.07,,,,,,,,,,
1029,2,0.10,0.30,0.30,,,,,,,,,,
1032,2,0.10,0.88,0.86,,,,,,,,,,
1032,2,0.10,1.06,0.93,,,,,,,,,,
1032,2,0.10,0.94,0.90,,,,,,,,,,
1032,2,0.10,1.17,1.24,,,,,,,,,,
1033,2,0.10,1.22,1.00,,,,,,,,,,
1033,2,0.10,1.40,1.26,,,,,,,,,,
1033,2,0.10,1.20,1.27,,,,,,,,,,
1033,2,0.10,0.98,1.00,,,,,,,,,,
,,,,,,,,,,,,,,