ID,experimental_replicate,dose,ecuatorial,polar,,,,,,,
1,1,0.00,8.50,8.50,,,,,,,
1,1,0.00,8.50,8.50,,,,,,,
1,1,0.00,8.50,8.50,,,,,,,
1,1,0.00,7.83,8.50,,,,,,,
8,1,0.00,8.34,7.96,,,,,,,
8,1,0.00,8.20,8.50,,,,,,,
8,1,0.00,8.07,8.50,,,,,,,
8,1,0.00,8.13,8.03,,,,,,,
12B,1,0.00,8.50,8.50,,,,,,,
12B,1,0.00,8.50,8.50,,,,,,,
12B,1,0.00,8.50,8.50,,,,,,,
12B,1,0.00,8.50,8.50,,,,,,,
20,1,0.00,8.50,8.50,,,,,,,
20,1,0.00,8.50,8.50,,,,,,,
20,1,0.00,8.50,8.50,,,,,,,
20,1,0.00,8.50,8.50,,,,,,,
123,1,0.00,8.50,8.50,,,,,,,
123,1,0.00,8.50,8.50,,,,,,,
123,1,0.00,8.50,8.50,,,,,,,
123,1,0.00,8.50,8.50,,,,,,,
21,1,0.00,8.50,8.50,,,,,,,
21,1,0.00,8.50,8.50,,,,,,,
21,1,0.00,8.50,8.50,,,,,,,
21,1,0.00,7.90,8.50,,,,,,,
74SS1,1,0.00,7.80,8.50,,,,,,,
74SS1,1,0.00,7.67,7.71,,,,,,,
74SS1,1,0.00,8.02,8.50,,,,,,,
74SS1,1,0.00,7.92,8.04,,,,,,,
87,1,0.00,7.99,8.16,,,,,,,
87,1,0.00,8.50,8.50,,,,,,,
87,1,0.00,8.05,8.50,,,,,,,
87,1,0.00,8.08,8.50,,,,,,,
118,1,0.00,8.17,8.50,,,,,,,
118,1,0.00,8.50,8.50,,,,,,,
118,1,0.00,8.50,8.21,,,,,,,
118,1,0.00,8.50,8.50,,,,,,,
129,1,0.00,8.50,8.50,,,,,,,
129,1,0.00,8.50,8.50,,,,,,,
129,1,0.00,8.50,8.50,,,,,,,
129,1,0.00,8.50,8.50,,,,,,,
449,1,0.00,5.51,5.50,,,,,,,
449,1,0.00,7.22,7.26,,,,,,,
449,1,0.00,7.67,7.80,,,,,,,
449,1,0.00,7.81,7.86,,,,,,,
461,1,0.00,7.10,7.63,,,,,,,
461,1,0.00,7.24,6.90,,,,,,,
461,1,0.00,5.95,5.27,,,,,,,
461,1,0.00,5.11,5.25,,,,,,,
467,1,0.00,8.50,8.50,,,,,,,
467,1,0.00,8.50,8.50,,,,,,,
467,1,0.00,8.50,8.50,,,,,,,
467,1,0.00,8.18,8.22,,,,,,,
475,1,0.00,7.82,7.72,,,,,,,
475,1,0.00,7.84,7.57,,,,,,,
475,1,0.00,7.91,7.80,,,,,,,
475,1,0.00,8.21,7.90,,,,,,,
558,1,0.00,7.71,7.62,,,,,,,
558,1,0.00,7.09,7.13,,,,,,,
558,1,0.00,7.33,7.39,,,,,,,
558,1,0.00,7.60,7.27,,,,,,,
564,1,0.00,8.50,8.50,,,,,,,
564,1,0.00,8.06,7.73,,,,,,,
564,1,0.00,7.92,8.12,,,,,,,
564,1,0.00,7.58,7.16,,,,,,,
568,1,0.00,7.51,7.61,,,,,,,
568,1,0.00,8.02,7.96,,,,,,,
568,1,0.00,8.50,8.50,,,,,,,
568,1,0.00,8.50,8.50,,,,,,,
581,1,0.00,7.36,7.96,,,,,,,
581,1,0.00,7.80,7.67,,,,,,,
581,1,0.00,7.65,7.55,,,,,,,
581,1,0.00,8.50,8.50,,,,,,,
645,1,0.00,7.62,7.62,,,,,,,
645,1,0.00,7.77,7.59,,,,,,,
645,1,0.00,8.25,8.38,,,,,,,
645,1,0.00,7.50,7.87,,,,,,,
667,1,0.00,7.42,7.03,,,,,,,
667,1,0.00,6.76,6.95,,,,,,,
667,1,0.00,7.81,7.46,,,,,,,
667,1,0.00,7.29,7.25,,,,,,,
800,1,0.00,8.33,8.50,,,,,,,
800,1,0.00,8.18,7.95,,,,,,,
800,1,0.00,8.36,8.50,,,,,,,
800,1,0.00,8.50,8.15,,,,,,,
62-02,1,0.00,7.97,7.40,,,,,,,
62-02,1,0.00,7.67,8.00,,,,,,,
62-02,1,0.00,8.24,7.77,,,,,,,
62-02,1,0.00,7.45,7.36,,,,,,,
62-03,1,0.00,7.46,7.58,,,,,,,
62-03,1,0.00,7.79,7.88,,,,,,,
62-03,1,0.00,7.24,7.20,,,,,,,
62-03,1,0.00,7.13,7.83,,,,,,,
62-04,1,0.00,6.76,7.08,,,,,,,
62-04,1,0.00,7.89,7.35,,,,,,,
62-04,1,0.00,8.50,8.04,,,,,,,
62-04,1,0.00,7.18,7.28,,,,,,,
78-01,1,0.00,8.50,8.50,,,,,,,
78-01,1,0.00,8.50,8.50,,,,,,,
78-01,1,0.00,8.20,7.90,,,,,,,
78-01,1,0.00,8.50,8.50,,,,,,,
78-02,1,0.00,8.50,8.50,,,,,,,
78-02,1,0.00,8.33,8.50,,,,,,,
78-02,1,0.00,8.50,8.50,,,,,,,
78-02,1,0.00,8.50,8.50,,,,,,,
78-05,1,0.00,8.24,8.5,,,,,,,
78-05,1,0.00,7.89,7.79,,,,,,,
78-05,1,0.00,8.12,7.79,,,,,,,
78-05,1,0.00,8.13,8.19,,,,,,,
S-01,1,0.00,7.19,7.63,,,,,,,
S-01,1,0.00,6.78,6.62,,,,,,,
S-01,1,0.00,7.25,7.44,,,,,,,
S-01,1,0.00,8.50,8.50,,,,,,,
H-01,1,0.00,8.50,8.50,,,,,,,
H-01,1,0.00,8.50,8.50,,,,,,,
H-01,1,0.00,8.50,8.50,,,,,,,
H-01,1,0.00,8.50,8.50,,,,,,,
H-03,1,0.00,7.91,7.79,,,,,,,
H-03,1,0.00,7.59,7.53,,,,,,,
H-03,1,0.00,7.58,7.50,,,,,,,
H-03,1,0.00,8.03,7.97,,,,,,,
H-04,1,0.00,8.22,8.29,,,,,,,
H-04,1,0.00,7.59,7.71,,,,,,,
H-04,1,0.00,7.06,7.13,,,,,,,
H-04,1,0.00,7.36,7.36,,,,,,,
I-20,1,0.00,7.80,7.72,,,,,,,
I-20,1,0.00,7.42,7.50,,,,,,,
I-20,1,0.00,7.71,7.72,,,,,,,
I-20,1,0.00,7.61,7.73,,,,,,,
419,1,0.00,8.50,7.46,,,,,,,
419,1,0.00,7.71,7.42,,,,,,,
419,1,0.00,7.54,7.55,,,,,,,
419,1,0.00,8.07,8.23,,,,,,,
413,1,0.00,8.32,8.17,,,,,,,
413,1,0.00,8.20,8.27,,,,,,,
413,1,0.00,7.85,8.31,,,,,,,
413,1,0.00,7.98,8.08,,,,,,,
W212,1,0.00,8.50,8.50,,,,,,,
W212,1,0.00,8.50,8.50,,,,,,,
W212,1,0.00,8.50,8.50,,,,,,,
W212,1,0.00,8.20,8.25,,,,,,,
318,1,0.00,8.11,8.16,,,,,,,
318,1,0.00,8.10,7.88,,,,,,,
318,1,0.00,8.26,7.90,,,,,,,
318,1,0.00,8.16,8.06,,,,,,,
1025,1,0.00,7.58,7.65,,,,,,,
1025,1,0.00,7.78,7.68,,,,,,,
1025,1,0.00,8.12,7.64,,,,,,,
1025,1,0.00,8.50,8.50,,,,,,,
1026,1,0.00,8.50,8.50,,,,,,,
1026,1,0.00,8.50,8.50,,,,,,,
1026,1,0.00,8.50,8.50,,,,,,,
1026,1,0.00,8.50,8.50,,,,,,,
1027,1,0.00,7.73,8.37,,,,,,,
1027,1,0.00,8.30,8.23,,,,,,,
1027,1,0.00,8.04,7.77,,,,,,,
1027,1,0.00,7.76,7.84,,,,,,,
1029,1,0.00,8.05,7.91,,,,,,,
1029,1,0.00,7.97,7.90,,,,,,,
1029,1,0.00,7.96,8.27,,,,,,,
1029,1,0.00,7.66,7.63,,,,,,,
1032,1,0.00,8.11,8.50,,,,,,,
1032,1,0.00,7.91,8.20,,,,,,,
1032,1,0.00,7.87,7.80,,,,,,,
1032,1,0.00,8.07,8.14,,,,,,,
1033,1,0.00,7.65,7.59,,,,,,,
1033,1,0.00,7.83,7.89,,,,,,,
1033,1,0.00,7.66,7.48,,,,,,,
1033,1,0.00,8.14,7.92,,,,,,,
1,1,0.75,4.75,5.53,,,,,,,
1,1,0.75,4.91,4.50,,,,,,,
1,1,0.75,4.79,4.70,,,,,,,
1,1,0.75,4.77,5.76,,,,,,,
8,1,0.75,6.81,6.00,,,,,,,
8,1,0.75,6.06,5.21,,,,,,,
8,1,0.75,5.31,5.77,,,,,,,
8,1,0.75,5.78,6.05,,,,,,,
12B,1,0.75,5.17,5.06,,,,,,,
12B,1,0.75,4.12,4.84,,,,,,,
12B,1,0.75,6.41,6.79,,,,,,,
12B,1,0.75,6.61,5.97,,,,,,,
20,1,0.75,5.12,6.14,,,,,,,
20,1,0.75,4.26,4.90,,,,,,,
20,1,0.75,6.43,6.79,,,,,,,
20,1,0.75,6.59,7.02,,,,,,,
123,1,0.75,5.22,7.22,,,,,,,
123,1,0.75,5.18,5.69,,,,,,,
123,1,0.75,5.54,5.76,,,,,,,
123,1,0.75,5.11,5.50,,,,,,,
21,1,0.75,4.87,5.13,,,,,,,
21,1,0.75,4.83,4.82,,,,,,,
21,1,0.75,4.48,4.64,,,,,,,
21,1,0.75,5.09,6.45,,,,,,,
74SS1,1,0.75,5.16,5.72,,,,,,,
74SS1,1,0.75,5.38,5.16,,,,,,,
74SS1,1,0.75,5.99,6.16,,,,,,,
74SS1,1,0.75,6.59,6.28,,,,,,,
87,1,0.75,7.20,7.08,,,,,,,
87,1,0.75,6.45,5.70,,,,,,,
87,1,0.75,7.05,7.49,,,,,,,
87,1,0.75,6.75,6.54,,,,,,,
118,1,0.75,6.23,6.48,,,,,,,
118,1,0.75,5.49,5.64,,,,,,,
118,1,0.75,7.43,6.53,,,,,,,
118,1,0.75,7.02,6.42,,,,,,,
129,1,0.75,7.14,5.80,,,,,,,
129,1,0.75,6.27,5.85,,,,,,,
129,1,0.75,7.68,6.96,,,,,,,
129,1,0.75,7.27,6.58,,,,,,,
449,1,0.75,3.70,3.55,,,,,,,
449,1,0.75,3.87,4.40,,,,,,,
449,1,0.75,5.84,5.95,,,,,,,
449,1,0.75,6.80,6.44,,,,,,,
461,1,0.75,4.49,5.78,,,,,,,
461,1,0.75,4.43,4.48,,,,,,,
461,1,0.75,3.21,4.00,,,,,,,
461,1,0.75,4.40,4.35,,,,,,,
467,1,0.75,5.27,5.23,,,,,,,
467,1,0.75,5.10,4.64,,,,,,,
467,1,0.75,5.91,4.95,,,,,,,
467,1,0.75,4.98,4.98,,,,,,,
475,1,0.75,6.11,5.93,,,,,,,
475,1,0.75,5.17,5.12,,,,,,,
475,1,0.75,5.74,5.91,,,,,,,
475,1,0.75,6.46,5.89,,,,,,,
558,1,0.75,4.90,5.06,,,,,,,
558,1,0.75,4.09,3.81,,,,,,,
558,1,0.75,5.49,4.95,,,,,,,
558,1,0.75,5.70,4.55,,,,,,,
564,1,0.75,7.31,7.15,,,,,,,
564,1,0.75,6.45,6.69,,,,,,,
564,1,0.75,7.04,7.03,,,,,,,
564,1,0.75,6.89,7.06,,,,,,,
568,1,0.75,4.71,6.14,,,,,,,
568,1,0.75,5.59,5.21,,,,,,,
568,1,0.75,6.34,6.34,,,,,,,
568,1,0.75,6.06,6.06,,,,,,,
581,1,0.75,6.72,6.63,,,,,,,
581,1,0.75,5.27,5.31,,,,,,,
581,1,0.75,6.24,6.54,,,,,,,
581,1,0.75,6.91,7.22,,,,,,,
645,1,0.75,5.98,6.40,,,,,,,
645,1,0.75,5.14,5.49,,,,,,,
645,1,0.75,6.24,7.09,,,,,,,
645,1,0.75,6.64,7.08,,,,,,,
667,1,0.75,4.92,4.84,,,,,,,
667,1,0.75,4.16,4.30,,,,,,,
667,1,0.75,4.89,4.02,,,,,,,
667,1,0.75,4.56,4.06,,,,,,,
800,1,0.75,6.98,5.16,,,,,,,
800,1,0.75,5.84,5.49,,,,,,,
800,1,0.75,7.37,7.31,,,,,,,
800,1,0.75,7.63,7.57,,,,,,,
62-02,1,0.75,5.01,4.84,,,,,,,
62-02,1,0.75,4.79,4.58,,,,,,,
62-02,1,0.75,5.47,5.20,,,,,,,
62-02,1,0.75,5.11,4.73,,,,,,,
62-03,1,0.75,3.95,3.33,,,,,,,
62-03,1,0.75,4.08,4.21,,,,,,,
62-03,1,0.75,4.50,5.22,,,,,,,
62-03,1,0.75,3.45,3.90,,,,,,,
62-04,1,0.75,5.11,5.29,,,,,,,
62-04,1,0.75,4.50,4.59,,,,,,,
62-04,1,0.75,4.87,4.65,,,,,,,
62-04,1,0.75,5.01,4.17,,,,,,,
78-01,1,0.75,5.35,5.70,,,,,,,
78-01,1,0.75,4.74,5.09,,,,,,,
78-01,1,0.75,5.64,4.75,,,,,,,
78-01,1,0.75,4.62,5.41,,,,,,,
78-02,1,0.75,6.63,6.00,,,,,,,
78-02,1,0.75,4.93,5.90,,,,,,,
78-02,1,0.75,6.45,6.47,,,,,,,
78-02,1,0.75,7.23,5.71,,,,,,,
78-02,1,0.75,6.13,6.67,,,,,,,
78-05,1,0.75,5.95,5.36,,,,,,,
78-05,1,0.75,6.98,6.60,,,,,,,
78-05,1,0.75,6.13,6.72,,,,,,,
S-01,1,0.75,5.35,4.02,,,,,,,
S-01,1,0.75,4.94,4.72,,,,,,,
S-01,1,0.75,6.76,5.09,,,,,,,
S-01,1,0.75,,,,,,,,,
H-01,1,0.75,3.67,4.65,,,,,,,
H-01,1,0.75,5.42,5.04,,,,,,,
H-01,1,0.75,6.35,5.90,,,,,,,
H-01,1,0.75,6.17,5.46,,,,,,,
H-03,1,0.75,6.45,6.34,,,,,,,
H-03,1,0.75,6.15,5.62,,,,,,,
H-03,1,0.75,6.10,6.28,,,,,,,
H-03,1,0.75,4.68,5.94,,,,,,,
H-04,1,0.75,5.47,5.20,,,,,,,
H-04,1,0.75,5.17,5.17,,,,,,,
H-04,1,0.75,5.59,5.84,,,,,,,
H-04,1,0.75,5.06,5.96,,,,,,,
I-20,1,0.75,5.66,5.88,,,,,,,
I-20,1,0.75,5.94,6.24,,,,,,,
I-20,1,0.75,6.53,6.60,,,,,,,
I-20,1,0.75,6.62,6.90,,,,,,,
419,1,0.75,5.78,5.85,,,,,,,
419,1,0.75,5.97,5.31,,,,,,,
419,1,0.75,5.59,6.61,,,,,,,
419,1,0.75,7.14,5.52,,,,,,,
413,1,0.75,6.10,5.72,,,,,,,
413,1,0.75,4.87,4.85,,,,,,,
413,1,0.75,4.89,5.12,,,,,,,
413,1,0.75,5.81,6.01,,,,,,,
W212,1,0.75,6.81,5.71,,,,,,,
W212,1,0.75,5.18,5.42,,,,,,,
W212,1,0.75,6.84,6.36,,,,,,,
W212,1,0.75,7.32,6.56,,,,,,,
318,1,0.75,5.32,5.60,,,,,,,
318,1,0.75,5.23,4.60,,,,,,,
318,1,0.75,5.80,6.11,,,,,,,
318,1,0.75,5.77,5.96,,,,,,,
1025,1,0.75,5.31,5.79,,,,,,,
1025,1,0.75,5.14,5.25,,,,,,,
1025,1,0.75,5.93,5.36,,,,,,,
1025,1,0.75,4.97,4.27,,,,,,,
1026,1,0.75,7.51,7.77,,,,,,,
1026,1,0.75,6.91,6.84,,,,,,,
1026,1,0.75,7.82,7.76,,,,,,,
1026,1,0.75,8.00,7.88,,,,,,,
1027,1,0.75,5.75,5.85,,,,,,,
1027,1,0.75,5.16,4.54,,,,,,,
1027,1,0.75,6.00,5.13,,,,,,,
1027,1,0.75,5.59,4.88,,,,,,,
1029,1,0.75,5.55,5.94,,,,,,,
1029,1,0.75,4.91,5.10,,,,,,,
1029,1,0.75,6.39,6.27,,,,,,,
1029,1,0.75,5.86,6.16,,,,,,,
1032,1,0.75,5.33,5.41,,,,,,,
1032,1,0.75,4.83,4.56,,,,,,,
1032,1,0.75,4.69,6.16,,,,,,,
1032,1,0.75,6.85,6.18,,,,,,,
1033,1,0.75,4.93,5.76,,,,,,,
1033,1,0.75,4.98,5.07,,,,,,,
1033,1,0.75,4.92,5.68,,,,,,,
1033,1,0.75,5.70,4.65,,,,,,,
1,1,1.00,3.25,2.68,,,,,,,
1,1,1.00,2.97,3.10,,,,,,,
1,1,1.00,2.35,2.29,,,,,,,
1,1,1.00,3.27,3.25,,,,,,,
8,1,1.00,4.32,3.67,,,,,,,
8,1,1.00,4.16,4.01,,,,,,,
8,1,1.00,3.40,3.54,,,,,,,
8,1,1.00,4.80,4.63,,,,,,,
12B,1,1.00,4.06,3.30,,,,,,,
12B,1,1.00,4.25,4.40,,,,,,,
12B,1,1.00,3.58,3.09,,,,,,,
12B,1,1.00,4.85,4.01,,,,,,,
20,1,1.00,3.59,2.81,,,,,,,
20,1,1.00,3.44,3.89,,,,,,,
20,1,1.00,4.36,4.40,,,,,,,
20,1,1.00,4.39,3.93,,,,,,,
123,1,1.00,4.42,5.47,,,,,,,
123,1,1.00,3.67,4.04,,,,,,,
123,1,1.00,3.09,3.27,,,,,,,
123,1,1.00,3.82,4.03,,,,,,,
21,1,1.00,4.31,3.56,,,,,,,
21,1,1.00,3.88,3.72,,,,,,,
21,1,1.00,3.54,4.21,,,,,,,
21,1,1.00,4.18,4.5,,,,,,,
74SS1,1,1.00,3.57,3.99,,,,,,,
74SS1,1,1.00,4.45,5.44,,,,,,,
74SS1,1,1.00,4.66,5.07,,,,,,,
74SS1,1,1.00,4.21,5.02,,,,,,,
87,1,1.00,6.07,5.45,,,,,,,
87,1,1.00,6.33,6.42,,,,,,,
87,1,1.00,6.38,4.95,,,,,,,
87,1,1.00,5.54,4.99,,,,,,,
118,1,1.00,4.80,5.36,,,,,,,
118,1,1.00,5.84,5.81,,,,,,,
118,1,1.00,4.38,5.79,,,,,,,
118,1,1.00,5.10,5.35,,,,,,,
129,1,1.00,5.68,4.41,,,,,,,
129,1,1.00,5.00,3.89,,,,,,,
129,1,1.00,5.85,4.51,,,,,,,
129,1,1.00,5.24,5.21,,,,,,,
449,1,1.00,3.30,3.42,,,,,,,
449,1,1.00,4.52,4.02,,,,,,,
449,1,1.00,3.63,3.63,,,,,,,
449,1,1.00,3.99,3.48,,,,,,,
461,1,1.00,4.56,3.92,,,,,,,
461,1,1.00,4.52,4.23,,,,,,,
461,1,1.00,4.02,3.59,,,,,,,
461,1,1.00,3.05,3.36,,,,,,,
467,1,1.00,4.18,4.05,,,,,,,
467,1,1.00,3.40,4.04,,,,,,,
467,1,1.00,3.61,4.10,,,,,,,
467,1,1.00,4.51,3.99,,,,,,,
475,1,1.00,5.12,4.64,,,,,,,
475,1,1.00,5.36,5.11,,,,,,,
475,1,1.00,4.86,5.50,,,,,,,
475,1,1.00,4.74,4.55,,,,,,,
558,1,1.00,4.46,3.45,,,,,,,
558,1,1.00,3.78,3.80,,,,,,,
558,1,1.00,5.03,4.20,,,,,,,
558,1,1.00,3.08,3.10,,,,,,,
564,1,1.00,6.47,6.59,,,,,,,
564,1,1.00,6.45,6.96,,,,,,,
564,1,1.00,6.35,6.68,,,,,,,
564,1,1.00,6.06,6.07,,,,,,,
568,1,1.00,5.72,4.37,,,,,,,
568,1,1.00,6.18,5.28,,,,,,,
568,1,1.00,6.14,4.71,,,,,,,
568,1,1.00,3.67,4.81,,,,,,,
581,1,1.00,3.71,4.18,,,,,,,
581,1,1.00,5.42,4.70,,,,,,,
581,1,1.00,4.02,5.17,,,,,,,
581,1,1.00,6.27,6.14,,,,,,,
645,1,1.00,6.27,5.42,,,,,,,
645,1,1.00,6.01,5.51,,,,,,,
645,1,1.00,5.02,5.20,,,,,,,
645,1,1.00,4.33,4.46,,,,,,,
667,1,1.00,3.85,3.59,,,,,,,
667,1,1.00,4.46,3.27,,,,,,,
667,1,1.00,4.45,2.78,,,,,,,
667,1,1.00,3.39,3.59,,,,,,,
800,1,1.00,4.95,4.69,,,,,,,
800,1,1.00,6.99,5.25,,,,,,,
800,1,1.00,6.61,6.38,,,,,,,
800,1,1.00,5.21,5.16,,,,,,,
62-02,1,1.00,3.44,3.99,,,,,,,
62-02,1,1.00,3.68,3.79,,,,,,,
62-02,1,1.00,2.59,2.64,,,,,,,
62-02,1,1.00,3.28,3.53,,,,,,,
62-03,1,1.00,4.37,4.49,,,,,,,
62-03,1,1.00,3.68,3.37,,,,,,,
62-03,1,1.00,2.87,2.87,,,,,,,
62-03,1,1.00,2.69,2.85,,,,,,,
62-04,1,1.00,4.37,3.65,,,,,,,
62-04,1,1.00,3.26,4.09,,,,,,,
62-04,1,1.00,3.54,3.42,,,,,,,
62-04,1,1.00,3.49,3.98,,,,,,,
78-01,1,1.00,4.78,5.42,,,,,,,
78-01,1,1.00,3.75,3.02,,,,,,,
78-01,1,1.00,5.64,4.71,,,,,,,
78-01,1,1.00,3.75,3.71,,,,,,,
78-02,1,1.00,5.80,4.44,,,,,,,
78-02,1,1.00,5.51,4.25,,,,,,,
78-02,1,1.00,3.35,4.49,,,,,,,
78-02,1,1.00,4.97,3.98,,,,,,,
78-05,1,1.00,5.51,6.16,,,,,,,
78-05,1,1.00,5.91,5.83,,,,,,,
78-05,1,1.00,5.44,5.61,,,,,,,
78-05,1,1.00,4.82,5.08,,,,,,,
S-01,1,1.00,4.68,4.14,,,,,,,
S-01,1,1.00,3.41,2.70,,,,,,,
S-01,1,1.00,4.94,4.48,,,,,,,
S-01,1,1.00,6.67,4.45,,,,,,,
H-01,1,1.00,3.83,5.12,,,,,,,
H-01,1,1.00,4.40,6.02,,,,,,,
H-01,1,1.00,4.89,5.05,,,,,,,
H-01,1,1.00,3.55,4.10,,,,,,,
H-03,1,1.00,5.80,6.14,,,,,,,
H-03,1,1.00,5.94,5.70,,,,,,,
H-03,1,1.00,5.36,5.28,,,,,,,
H-03,1,1.00,4.14,5.26,,,,,,,
H-04,1,1.00,4.97,4.54,,,,,,,
H-04,1,1.00,5.07,5.07,,,,,,,
H-04,1,1.00,5.18,4.47,,,,,,,
H-04,1,1.00,4.31,3.74,,,,,,,
I-20,1,1.00,5.17,5.55,,,,,,,
I-20,1,1.00,5.44,5.67,,,,,,,
I-20,1,1.00,5.67,5.27,,,,,,,
I-20,1,1.00,4.50,4.81,,,,,,,
419,1,1.00,5.79,5.19,,,,,,,
419,1,1.00,4.53,5.59,,,,,,,
419,1,1.00,4.66,5.96,,,,,,,
419,1,1.00,5.26,4.11,,,,,,,
413,1,1.00,4.83,5.73,,,,,,,
413,1,1.00,5.49,5.77,,,,,,,
413,1,1.00,3.86,2.75,,,,,,,
413,1,1.00,4.53,4.55,,,,,,,
W212,1,1.00,4.67,6.07,,,,,,,
W212,1,1.00,5.71,6.10,,,,,,,
W212,1,1.00,4.67,4.70,,,,,,,
W212,1,1.00,3.51,5.37,,,,,,,
318,1,1.00,4.60,5.05,,,,,,,
318,1,1.00,4.83,4.77,,,,,,,
318,1,1.00,4.01,5.20,,,,,,,
318,1,1.00,3.64,5.02,,,,,,,
1025,1,1.00,6.23,4.34,,,,,,,
1025,1,1.00,5.60,5.56,,,,,,,
1025,1,1.00,5.47,4.57,,,,,,,
1025,1,1.00,3.74,3.72,,,,,,,
1026,1,1.00,6.29,7.53,,,,,,,
1026,1,1.00,6.84,6.98,,,,,,,
1026,1,1.00,5.48,5.86,,,,,,,
1026,1,1.00,5.93,5.40,,,,,,,
1027,1,1.00,6.03,5.13,,,,,,,
1027,1,1.00,4.85,4.49,,,,,,,
1027,1,1.00,5.57,4.57,,,,,,,
1027,1,1.00,3.77,3.91,,,,,,,
1029,1,1.00,5.02,4.69,,,,,,,
1029,1,1.00,4.42,5.42,,,,,,,
1029,1,1.00,5.85,4.89,,,,,,,
1029,1,1.00,4.04,4.28,,,,,,,
1032,1,1.00,4.93,4.91,,,,,,,
1032,1,1.00,4.67,6.17,,,,,,,
1032,1,1.00,4.78,4.64,,,,,,,
1032,1,1.00,4.58,4.26,,,,,,,
1033,1,1.00,3.78,3.51,,,,,,,
1033,1,1.00,5.56,4.84,,,,,,,
1033,1,1.00,6.28,6.35,,,,,,,
1033,1,1.00,4.64,4.58,,,,,,,
1,1,1.50,1.94,2.06,,,,,,,
1,1,1.50,2.06,2.08,,,,,,,
1,1,1.50,1.88,2.09,,,,,,,
1,1,1.50,1.59,1.84,,,,,,,
8,1,1.50,2.47,2.62,,,,,,,
8,1,1.50,3.09,2.86,,,,,,,
8,1,1.50,6.71,5.23,,,,,,,
8,1,1.50,2.44,2.62,,,,,,,
12B,1,1.50,1.87,2.08,,,,,,,
12B,1,1.50,3.14,3.24,,,,,,,
12B,1,1.50,7.87,7.55,,,,,,,
12B,1,1.50,2.54,2.15,,,,,,,
20,1,1.50,2.25,2.25,,,,,,,
20,1,1.50,2.51,2.57,,,,,,,
20,1,1.50,7.14,7.29,,,,,,,
20,1,1.50,2.27,2.10,,,,,,,
123,1,1.50,2.44,2.93,,,,,,,
123,1,1.50,2.63,2.78,,,,,,,
123,1,1.50,7.92,7.29,,,,,,,
123,1,1.50,2.76,2.84,,,,,,,
21,1,1.50,2.65,2.99,,,,,,,
21,1,1.50,2.98,3.18,,,,,,,
21,1,1.50,6.93,6.85,,,,,,,
21,1,1.50,3.08,2.69,,,,,,,
74SS1,1,1.50,2.44,3.51,,,,,,,
74SS1,1,1.50,2.89,3.08,,,,,,,
74SS1,1,1.50,6.68,7.05,,,,,,,
74SS1,1,1.50,3.71,3.05,,,,,,,
87,1,1.50,3.63,4.11,,,,,,,
87,1,1.50,3.36,3.48,,,,,,,
87,1,1.50,7.74,7.73,,,,,,,
87,1,1.50,3.92,3.02,,,,,,,
118,1,1.50,3.50,4.10,,,,,,,
118,1,1.50,3.37,3.32,,,,,,,
118,1,1.50,6.95,7.54,,,,,,,
118,1,1.50,3.42,2.81,,,,,,,
129,1,1.50,3.71,3.23,,,,,,,
129,1,1.50,2.99,3.03,,,,,,,
129,1,1.50,7.97,7.92,,,,,,,
129,1,1.50,3.27,2.87,,,,,,,
449,1,1.50,2.50,2.47,,,,,,,
449,1,1.50,2.56,2.57,,,,,,,
449,1,1.50,5.79,4.78,,,,,,,
449,1,1.50,3.06,3.12,,,,,,,
461,1,1.50,2.84,3.41,,,,,,,
461,1,1.50,2.77,2.96,,,,,,,
461,1,1.50,5.06,4.95,,,,,,,
461,1,1.50,2.40,2.34,,,,,,,
467,1,1.50,3.50,2.89,,,,,,,
467,1,1.50,3.62,3.62,,,,,,,
467,1,1.50,6.80,7.49,,,,,,,
467,1,1.50,3.06,2.79,,,,,,,
475,1,1.50,2.31,2.98,,,,,,,
475,1,1.50,2.85,2.98,,,,,,,
475,1,1.50,6.46,6.39,,,,,,,
475,1,1.50,2.47,2.44,,,,,,,
558,1,1.50,3.24,2.57,,,,,,,
558,1,1.50,3.04,2.94,,,,,,,
558,1,1.50,7.26,7.24,,,,,,,
558,1,1.50,2.58,2.28,,,,,,,
564,1,1.50,4.59,5.27,,,,,,,
564,1,1.50,4.13,4.12,,,,,,,
564,1,1.50,7.36,7.52,,,,,,,
564,1,1.50,5.80,4.71,,,,,,,
568,1,1.50,3.88,3.71,,,,,,,
568,1,1.50,2.97,2.97,,,,,,,
568,1,1.50,6.96,7.15,,,,,,,
568,1,1.50,2.46,3.51,,,,,,,
581,1,1.50,3.97,3.66,,,,,,,
581,1,1.50,3.70,3.68,,,,,,,
581,1,1.50,4.84,4.20,,,,,,,
581,1,1.50,2.86,2.58,,,,,,,
645,1,1.50,5.13,4.11,,,,,,,
645,1,1.50,3.45,3.30,,,,,,,
645,1,1.50,7.11,7.08,,,,,,,
645,1,1.50,3.79,4.80,,,,,,,
667,1,1.50,2.73,3.43,,,,,,,
667,1,1.50,3.00,3.10,,,,,,,
667,1,1.50,6.42,5.99,,,,,,,
667,1,1.50,3.12,2.45,,,,,,,
800,1,1.50,2.55,3.08,,,,,,,
800,1,1.50,3.48,3.66,,,,,,,
800,1,1.50,7.39,7.28,,,,,,,
800,1,1.50,4.55,5.26,,,,,,,
62-02,1,1.50,1.96,1.88,,,,,,,
62-02,1,1.50,2.23,2.35,,,,,,,
62-02,1,1.50,3.00,3.40,,,,,,,
62-02,1,1.50,2.26,1.88,,,,,,,
62-03,1,1.50,1.49,1.61,,,,,,,
62-03,1,1.50,2.27,1.92,,,,,,,
62-03,1,1.50,3.54,4.01,,,,,,,
62-03,1,1.50,2.02,1.78,,,,,,,
62-04,1,1.50,2.30,2.49,,,,,,,
62-04,1,1.50,2.45,2.39,,,,,,,
62-04,1,1.50,5.35,5.38,,,,,,,
62-04,1,1.50,3.60,3.53,,,,,,,
78-01,1,1.50,2.44,2.45,,,,,,,
78-01,1,1.50,2.52,2.59,,,,,,,
78-01,1,1.50,6.00,6.08,,,,,,,
78-01,1,1.50,2.32,2.17,,,,,,,
78-02,1,1.50,3.01,3.94,,,,,,,
78-02,1,1.50,3.07,2.92,,,,,,,
78-02,1,1.50,6.90,6.78,,,,,,,
78-02,1,1.50,2.70,2.68,,,,,,,
78-05,1,1.50,4.43,4.75,,,,,,,
78-05,1,1.50,3.30,3.05,,,,,,,
78-05,1,1.50,7.14,7.46,,,,,,,
78-05,1,1.50,4.17,4.50,,,,,,,
S-01,1,1.50,2.06,2.42,,,,,,,
S-01,1,1.50,2.73,2.67,,,,,,,
S-01,1,1.50,4.68,6.37,,,,,,,
S-01,1,1.50,3.40,4.30,,,,,,,
H-01,1,1.50,2.66,3.17,,,,,,,
H-01,1,1.50,2.74,2.67,,,,,,,
H-01,1,1.50,6.76,6.89,,,,,,,
H-01,1,1.50,2.82,2.68,,,,,,,
H-03,1,1.50,3.61,3.17,,,,,,,
H-03,1,1.50,3.62,3.94,,,,,,,
H-03,1,1.50,6.67,7.23,,,,,,,
H-03,1,1.50,3.20,2.63,,,,,,,
H-04,1,1.50,3.90,4.05,,,,,,,
H-04,1,1.50,2.90,2.89,,,,,,,
H-04,1,1.50,6.57,6.49,,,,,,,
H-04,1,1.50,2.85,2.95,,,,,,,
I-20,1,1.50,4.95,4.35,,,,,,,
I-20,1,1.50,3.40,3.39,,,,,,,
I-20,1,1.50,6.36,6.86,,,,,,,
I-20,1,1.50,4.53,4.20,,,,,,,
419,1,1.50,4.16,4.12,,,,,,,
419,1,1.50,3.22,3.24,,,,,,,
419,1,1.50,6.98,6.51,,,,,,,
419,1,1.50,2.61,3.34,,,,,,,
413,1,1.50,3.28,2.78,,,,,,,
413,1,1.50,2.98,3.22,,,,,,,
413,1,1.50,5.93,6.02,,,,,,,
413,1,1.50,2.33,2.55,,,,,,,
W212,1,1.50,5.75,4.39,,,,,,,
W212,1,1.50,3.18,3.22,,,,,,,
W212,1,1.50,6.81,6.94,,,,,,,
W212,1,1.50,4.66,3.93,,,,,,,
318,1,1.50,3.38,4.08,,,,,,,
318,1,1.50,2.77,2.66,,,,,,,
318,1,1.50,6.93,6.74,,,,,,,
318,1,1.50,3.18,2.49,,,,,,,
1025,1,1.50,3.30,3.21,,,,,,,
1025,1,1.50,3.09,2.94,,,,,,,
1025,1,1.50,6.68,6.53,,,,,,,
1025,1,1.50,2.46,2.67,,,,,,,
1026,1,1.50,5.14,4.31,,,,,,,
1026,1,1.50,4.03,4.07,,,,,,,
1026,1,1.50,7.64,7.24,,,,,,,
1026,1,1.50,4.73,4.30,,,,,,,
1027,1,1.50,3.00,3.71,,,,,,,
1027,1,1.50,2.95,2.99,,,,,,,
1027,1,1.50,7.17,7.31,,,,,,,
1027,1,1.50,2.55,2.40,,,,,,,
1029,1,1.50,4.34,4.51,,,,,,,
1029,1,1.50,3.13,3.10,,,,,,,
1029,1,1.50,6.85,6.57,,,,,,,
1029,1,1.50,2.62,1.89,,,,,,,
1032,1,1.50,3.50,3.85,,,,,,,
1032,1,1.50,2.99,2.82,,,,,,,
1032,1,1.50,6.73,6.81,,,,,,,
1032,1,1.50,4.61,4.45,,,,,,,
1033,1,1.50,2.82,1.96,,,,,,,
1033,1,1.50,2.64,2.30,,,,,,,
1033,1,1.50,4.26,4.84,,,,,,,
1033,1,1.50,3.66,4.31,,,,,,,
1,1,2.00,1.56,1.78,,,,,,,
1,1,2.00,1.50,1.38,,,,,,,
1,1,2.00,1.45,1.44,,,,,,,
1,1,2.00,1.37,1.61,,,,,,,
8,1,2.00,2.10,2.00,,,,,,,
8,1,2.00,1.81,2.02,,,,,,,
8,1,2.00,1.77,1.84,,,,,,,
8,1,2.00,2.29,2.22,,,,,,,
12B,1,2.00,2.00,1.85,,,,,,,
12B,1,2.00,1.47,1.30,,,,,,,
12B,1,2.00,1.48,1.69,,,,,,,
12B,1,2.00,1.64,1.78,,,,,,,
20,1,2.00,2.12,2.12,,,,,,,
20,1,2.00,1.82,1.65,,,,,,,
20,1,2.00,1.65,1.56,,,,,,,
20,1,2.00,1.66,1.53,,,,,,,
123,1,2.00,2.25,2.23,,,,,,,
123,1,2.00,2.56,2.41,,,,,,,
123,1,2.00,2.41,2.46,,,,,,,
123,1,2.00,2.54,2.46,,,,,,,
21,1,2.00,2.34,2.20,,,,,,,
21,1,2.00,2.53,2.30,,,,,,,
21,1,2.00,2.26,1.79,,,,,,,
21,1,2.00,2.36,2.36,,,,,,,
74SS1,1,2.00,2.38,2.56,,,,,,,
74SS1,1,2.00,2.13,2.73,,,,,,,
74SS1,1,2.00,2.08,2.59,,,,,,,
74SS1,1,2.00,2.75,2.54,,,,,,,
87,1,2.00,3.56,4.07,,,,,,,
87,1,2.00,2.30,2.62,,,,,,,
87,1,2.00,3.09,2.71,,,,,,,
87,1,2.00,2.86,3.35,,,,,,,
118,1,2.00,2.67,2.53,,,,,,,
118,1,2.00,2.85,2.41,,,,,,,
118,1,2.00,1.60,2.28,,,,,,,
118,1,2.00,2.51,2.62,,,,,,,
129,1,2.00,2.84,2.95,,,,,,,
129,1,2.00,2.76,2.92,,,,,,,
129,1,2.00,3.65,2.56,,,,,,,
129,1,2.00,2.40,2.31,,,,,,,
449,1,2.00,2.16,2.27,,,,,,,
449,1,2.00,3.14,2.35,,,,,,,
449,1,2.00,2.45,2.34,,,,,,,
449,1,2.00,2.43,2.56,,,,,,,
461,1,2.00,2.43,2.58,,,,,,,
461,1,2.00,2.62,2.96,,,,,,,
461,1,2.00,1.80,1.85,,,,,,,
461,1,2.00,2.76,2.73,,,,,,,
467,1,2.00,2.61,2.55,,,,,,,
467,1,2.00,2.26,2.14,,,,,,,
467,1,2.00,2.37,2.56,,,,,,,
467,1,2.00,2.04,2.07,,,,,,,
475,1,2.00,2.50,2.22,,,,,,,
475,1,2.00,3.39,2.54,,,,,,,
475,1,2.00,2.37,1.88,,,,,,,
475,1,2.00,2.58,2.13,,,,,,,
558,1,2.00,2.31,2.41,,,,,,,
558,1,2.00,2.27,2.28,,,,,,,
558,1,2.00,1.92,1.92,,,,,,,
558,1,2.00,1.97,1.98,,,,,,,
564,1,2.00,5.28,4.10,,,,,,,
564,1,2.00,4.37,5.01,,,,,,,
564,1,2.00,3.97,4.15,,,,,,,
564,1,2.00,4.57,4.35,,,,,,,
568,1,2.00,4.00,2.60,,,,,,,
568,1,2.00,2.92,2.46,,,,,,,
568,1,2.00,2.41,2.17,,,,,,,
568,1,2.00,1.97,2.08,,,,,,,
581,1,2.00,3.08,3.61,,,,,,,
581,1,2.00,3.52,3.20,,,,,,,
581,1,2.00,3.62,3.11,,,,,,,
581,1,2.00,2.20,2.27,,,,,,,
645,1,2.00,4.27,4.12,,,,,,,
645,1,2.00,2.91,4.15,,,,,,,
645,1,2.00,3.49,4.24,,,,,,,
645,1,2.00,2.56,3.53,,,,,,,
667,1,2.00,2.83,2.67,,,,,,,
667,1,2.00,2.37,2.43,,,,,,,
667,1,2.00,2.42,2.36,,,,,,,
667,1,2.00,2.16,2.27,,,,,,,
800,1,2.00,2.61,2.11,,,,,,,
800,1,2.00,2.93,2.84,,,,,,,
800,1,2.00,2.56,3.39,,,,,,,
800,1,2.00,3.05,2.53,,,,,,,
62-02,1,2.00,1.76,1.65,,,,,,,
62-02,1,2.00,1.42,1.41,,,,,,,
62-02,1,2.00,1.29,1.49,,,,,,,
62-02,1,2.00,1.39,1.42,,,,,,,
62-03,1,2.00,1.66,1.50,,,,,,,
62-03,1,2.00,1.51,1.51,,,,,,,
62-03,1,2.00,1.34,1.27,,,,,,,
62-03,1,2.00,1.42,1.28,,,,,,,
62-04,1,2.00,1.55,1.98,,,,,,,
62-04,1,2.00,1.77,1.78,,,,,,,
62-04,1,2.00,1.76,1.52,,,,,,,
62-04,1,2.00,1.45,1.74,,,,,,,
78-01,1,2.00,1.84,1.55,,,,,,,
78-01,1,2.00,1.83,1.83,,,,,,,
78-01,1,2.00,1.69,1.64,,,,,,,
78-01,1,2.00,1.56,1.58,,,,,,,
78-02,1,2.00,2.12,2.11,,,,,,,
78-02,1,2.00,2.21,2.15,,,,,,,
78-02,1,2.00,1.70,2.13,,,,,,,
78-02,1,2.00,1.56,1.61,,,,,,,
78-05,1,2.00,3.93,3.92,,,,,,,
78-05,1,2.00,4.00,3.86,,,,,,,
78-05,1,2.00,3.85,3.59,,,,,,,
78-05,1,2.00,3.43,3.38,,,,,,,
S-01,1,2.00,1.71,1.89,,,,,,,
S-01,1,2.00,1.92,2.12,,,,,,,
S-01,1,2.00,1.84,1.66,,,,,,,
S-01,1,2.00,1.52,1.71,,,,,,,
H-01,1,2.00,2.41,2.59,,,,,,,
H-01,1,2.00,2.31,2.42,,,,,,,
H-01,1,2.00,2.02,1.89,,,,,,,
H-01,1,2.00,2.10,2.31,,,,,,,
H-03,1,2.00,4.48,3.22,,,,,,,
H-03,1,2.00,3.34,3.53,,,,,,,
H-03,1,2.00,3.60,2.54,,,,,,,
H-03,1,2.00,2.09,2.24,,,,,,,
H-04,1,2.00,2.28,2.50,,,,,,,
H-04,1,2.00,2.50,2.29,,,,,,,
H-04,1,2.00,3.15,3.13,,,,,,,
H-04,1,2.00,2.08,1.90,,,,,,,
I-20,1,2.00,4.24,3.38,,,,,,,
I-20,1,2.00,3.79,3.78,,,,,,,
I-20,1,2.00,3.64,4.21,,,,,,,
I-20,1,2.00,3.72,3.95,,,,,,,
419,1,2.00,3.73,3.24,,,,,,,
419,1,2.00,2.66,3.63,,,,,,,
419,1,2.00,2.71,2.90,,,,,,,
419,1,2.00,3.10,2.64,,,,,,,
413,1,2.00,1.92,2.12,,,,,,,
413,1,2.00,2.00,2.08,,,,,,,
413,1,2.00,1.72,1.89,,,,,,,
413,1,2.00,1.49,1.86,,,,,,,
W212,1,2.00,2.81,2.39,,,,,,,
W212,1,2.00,2.26,2.48,,,,,,,
W212,1,2.00,2.41,2.11,,,,,,,
W212,1,2.00,2.46,2.20,,,,,,,
318,1,2.00,2.47,2.19,,,,,,,
318,1,2.00,2.29,2.07,,,,,,,
318,1,2.00,2.10,2.46,,,,,,,
318,1,2.00,2.02,2.45,,,,,,,
1025,1,2.00,2.53,3.03,,,,,,,
1025,1,2.00,2.36,2.40,,,,,,,
1025,1,2.00,2.20,2.34,,,,,,,
1025,1,2.00,1.89,1.67,,,,,,,
1026,1,2.00,4.26,4.22,,,,,,,
1026,1,2.00,3.17,3.39,,,,,,,
1026,1,2.00,3.12,3.10,,,,,,,
1026,1,2.00,2.78,2.74,,,,,,,
1027,1,2.00,2.83,2.44,,,,,,,
1027,1,2.00,3.00,2.27,,,,,,,
1027,1,2.00,2.68,2.19,,,,,,,
1027,1,2.00,1.85,2.08,,,,,,,
1029,1,2.00,4.07,2.71,,,,,,,
1029,1,2.00,3.83,2.89,,,,,,,
1029,1,2.00,3.06,2.51,,,,,,,
1029,1,2.00,2.97,2.75,,,,,,,
1032,1,2.00,3.31,3.48,,,,,,,
1032,1,2.00,3.51,3.51,,,,,,,
1032,1,2.00,3.92,3.34,,,,,,,
1032,1,2.00,3.25,3.28,,,,,,,
1033,1,2.00,2.74,2.84,,,,,,,
1033,1,2.00,2.15,3.03,,,,,,,
1033,1,2.00,2.43,2.32,,,,,,,
1033,1,2.00,2.27,2.10,,,,,,,
1,1,2.50,1.46,1.34,,,,,,,
1,1,2.50,1.33,1.38,,,,,,,
1,1,2.50,1.15,1.41,,,,,,,
1,1,2.50,1.44,1.38,,,,,,,
8,1,2.50,1.85,1.86,,,,,,,
8,1,2.50,1.54,1.30,,,,,,,
8,1,2.50,1.70,1.64,,,,,,,
8,1,2.50,1.80,2.07,,,,,,,
12B,1,2.50,1.43,1.26,,,,,,,
12B,1,2.50,1.24,1.50,,,,,,,
12B,1,2.50,1.56,1.60,,,,,,,
12B,1,2.50,1.71,1.74,,,,,,,
20,1,2.50,1.61,1.67,,,,,,,
20,1,2.50,1.30,1.45,,,,,,,
20,1,2.50,1.48,1.53,,,,,,,
20,1,2.50,1.37,1.41,,,,,,,
123,1,2.50,1.68,1.60,,,,,,,
123,1,2.50,2.01,2.13,,,,,,,
123,1,2.50,2.39,2.45,,,,,,,
123,1,2.50,2.34,2.18,,,,,,,
21,1,2.50,1.97,1.72,,,,,,,
21,1,2.50,1.64,1.80,,,,,,,
21,1,2.50,1.98,2.07,,,,,,,
21,1,2.50,1.83,1.84,,,,,,,
74SS1,1,2.50,1.61,1.67,,,,,,,
74SS1,1,2.50,1.31,1.63,,,,,,,
74SS1,1,2.50,1.75,1.83,,,,,,,
74SS1,1,2.50,1.62,1.77,,,,,,,
87,1,2.50,1.99,1.53,,,,,,,
87,1,2.50,1.61,1.84,,,,,,,
87,1,2.50,2.17,2.13,,,,,,,
87,1,2.50,2.14,1.91,,,,,,,
118,1,2.50,1.71,1.77,,,,,,,
118,1,2.50,1.70,1.44,,,,,,,
118,1,2.50,1.99,2.18,,,,,,,
118,1,2.50,1.76,1.51,,,,,,,
129,1,2.50,2.47,2.28,,,,,,,
129,1,2.50,2.07,1.84,,,,,,,
129,1,2.50,2.01,2.76,,,,,,,
129,1,2.50,2.04,2.09,,,,,,,
449,1,2.50,2.14,1.77,,,,,,,
449,1,2.50,1.71,1.44,,,,,,,
449,1,2.50,2.08,2.17,,,,,,,
449,1,2.50,2.45,2.23,,,,,,,
461,1,2.50,2.04,2.35,,,,,,,
461,1,2.50,1.42,1.34,,,,,,,
461,1,2.50,1.61,1.86,,,,,,,
461,1,2.50,1.90,2.05,,,,,,,
467,1,2.50,1.82,2.03,,,,,,,
467,1,2.50,1.82,1.67,,,,,,,
467,1,2.50,2.19,2.02,,,,,,,
467,1,2.50,1.90,1.90,,,,,,,
475,1,2.50,2.17,1.61,,,,,,,
475,1,2.50,1.44,1.53,,,,,,,
475,1,2.50,1.96,1.67,,,,,,,
475,1,2.50,1.66,1.52,,,,,,,
558,1,2.50,1.84,1.85,,,,,,,
558,1,2.50,1.52,1.68,,,,,,,
558,1,2.50,1.82,1.70,,,,,,,
558,1,2.50,1.97,1.59,,,,,,,
564,1,2.50,3.50,3.02,,,,,,,
564,1,2.50,1.99,2.29,,,,,,,
564,1,2.50,3.77,3.64,,,,,,,
564,1,2.50,2.54,2.28,,,,,,,
568,1,2.50,1.94,1.72,,,,,,,
568,1,2.50,1.48,1.49,,,,,,,
568,1,2.50,1.86,1.95,,,,,,,
568,1,2.50,1.61,1.88,,,,,,,
581,1,2.50,2.48,2.60,,,,,,,
581,1,2.50,1.65,1.77,,,,,,,
581,1,2.50,2.12,2.33,,,,,,,
581,1,2.50,2.16,2.32,,,,,,,
645,1,2.50,2.78,3.39,,,,,,,
645,1,2.50,2.27,2.26,,,,,,,
645,1,2.50,2.90,2.87,,,,,,,
645,1,2.50,2.48,2.01,,,,,,,
667,1,2.50,2.20,2.08,,,,,,,
667,1,2.50,1.73,1.56,,,,,,,
667,1,2.50,2.17,1.83,,,,,,,
667,1,2.50,1.94,1.98,,,,,,,
800,1,2.50,2.42,2.13,,,,,,,
800,1,2.50,1.92,1.53,,,,,,,
800,1,2.50,3.44,2.69,,,,,,,
800,1,2.50,1.93,2.28,,,,,,,
62-02,1,2.50,1.30,1.42,,,,,,,
62-02,1,2.50,1.15,1.34,,,,,,,
62-02,1,2.50,1.15,1.38,,,,,,,
62-02,1,2.50,1.30,1.12,,,,,,,
62-03,1,2.50,1.39,1.13,,,,,,,
62-03,1,2.50,1.23,1.16,,,,,,,
62-03,1,2.50,1.10,1.20,,,,,,,
62-03,1,2.50,1.39,1.30,,,,,,,
62-04,1,2.50,1.62,1.53,,,,,,,
62-04,1,2.50,1.29,1.44,,,,,,,
62-04,1,2.50,0.98,1.05,,,,,,,
62-04,1,2.50,1.28,1.49,,,,,,,
78-01,1,2.50,1.68,1.36,,,,,,,
78-01,1,2.50,1.45,1.40,,,,,,,
78-01,1,2.50,1.54,1.45,,,,,,,
78-01,1,2.50,1.39,1.52,,,,,,,
78-02,1,2.50,1.73,1.70,,,,,,,
78-02,1,2.50,1.41,1.64,,,,,,,
78-02,1,2.50,1.37,1.64,,,,,,,
78-02,1,2.50,1.55,1.40,,,,,,,
78-05,1,2.50,3.21,3.26,,,,,,,
78-05,1,2.50,2.69,2.83,,,,,,,
78-05,1,2.50,,,,,,,,,
78-05,1,2.50,3.08,2.94,,,,,,,
S-01,1,2.50,1.78,1.56,,,,,,,
S-01,1,2.50,1.67,1.57,,,,,,,
S-01,1,2.50,1.92,1.69,,,,,,,
S-01,1,2.50,1.54,1.37,,,,,,,
H-01,1,2.50,1.78,2.11,,,,,,,
H-01,1,2.50,1.77,1.68,,,,,,,
H-01,1,2.50,2.08,1.82,,,,,,,
H-01,1,2.50,2.19,2.17,,,,,,,
H-03,1,2.50,2.79,2.25,,,,,,,
H-03,1,2.50,1.66,1.44,,,,,,,
H-03,1,2.50,1.90,1.81,,,,,,,
H-03,1,2.50,1.58,1.76,,,,,,,
H-04,1,2.50,1.71,1.60,,,,,,,
H-04,1,2.50,1.52,1.63,,,,,,,
H-04,1,2.50,2.12,1.26,,,,,,,
H-04,1,2.50,1.76,1.83,,,,,,,
I-20,1,2.50,3.02,2.71,,,,,,,
I-20,1,2.50,1.60,1.18,,,,,,,
I-20,1,2.50,2.28,1.89,,,,,,,
I-20,1,2.50,2.04,1.91,,,,,,,
419,1,2.50,2.34,1.96,,,,,,,
419,1,2.50,2.29,2.20,,,,,,,
419,1,2.50,2.12,1.88,,,,,,,
419,1,2.50,1.81,2.03,,,,,,,
413,1,2.50,1.63,1.79,,,,,,,
413,1,2.50,1.47,1.52,,,,,,,
413,1,2.50,1.81,1.91,,,,,,,
413,1,2.50,1.30,1.34,,,,,,,
W212,1,2.50,1.56,1.99,,,,,,,
W212,1,2.50,1.45,1.57,,,,,,,
W212,1,2.50,1.69,1.71,,,,,,,
W212,1,2.50,1.74,1.62,,,,,,,
318,1,2.50,1.89,1.54,,,,,,,
318,1,2.50,1.65,1.57,,,,,,,
318,1,2.50,1.88,1.99,,,,,,,
318,1,2.50,1.72,1.45,,,,,,,
1025,1,2.50,1.83,1.87,,,,,,,
1025,1,2.50,1.73,1.46,,,,,,,
1025,1,2.50,1.94,1.98,,,,,,,
1025,1,2.50,1.68,1.69,,,,,,,
1026,1,2.50,2.80,3.04,,,,,,,
1026,1,2.50,2.23,2.35,,,,,,,
1026,1,2.50,2.36,2.41,,,,,,,
1026,1,2.50,2.03,2.14,,,,,,,
1027,1,2.50,2.25,2.09,,,,,,,
1027,1,2.50,1.94,1.53,,,,,,,
1027,1,2.50,1.73,2.01,,,,,,,
1027,1,2.50,1.43,1.78,,,,,,,
1029,1,2.50,2.57,2.69,,,,,,,
1029,1,2.50,1.77,1.59,,,,,,,
1029,1,2.50,2.28,2.04,,,,,,,
1029,1,2.50,2.02,2.11,,,,,,,
1032,1,2.50,2.93,2.97,,,,,,,
1032,1,2.50,2.57,2.79,,,,,,,
1032,1,2.50,3.00,2.74,,,,,,,
1032,1,2.50,2.52,2.84,,,,,,,
1033,1,2.50,1.94,2.09,,,,,,,
1033,1,2.50,1.87,1.48,,,,,,,
1033,1,2.50,1.92,1.77,,,,,,,
1033,1,2.50,1.67,1.77,,,,,,,
1,2,0.00,7.75,7.98,,,,,,,
1,2,0.00,7.61,7.40,,,,,,,
1,2,0.00,7.35,7.68,,,,,,,
1,2,0.00,7.83,8.22,,,,,,,
8,2,0.00,7.55,7.86,,,,,,,
8,2,0.00,7.97,8.02,,,,,,,
8,2,0.00,8.05,8.12,,,,,,,
8,2,0.00,7.68,7.78,,,,,,,
12B,2,0.00,7.28,7.63,,,,,,,
12B,2,0.00,7.97,8.17,,,,,,,
12B,2,0.00,8.16,8.22,,,,,,,
12B,2,0.00,7.85,7.94,,,,,,,
20,2,0.00,8.05,8.09,,,,,,,
20,2,0.00,7.53,7.66,,,,,,,
20,2,0.00,8.13,8.19,,,,,,,
20,2,0.00,7.62,7.71,,,,,,,
123,2,0.00,7.99,8.20,,,,,,,
123,2,0.00,8.42,7.92,,,,,,,
123,2,0.00,8.31,8.46,,,,,,,
123,2,0.00,8.14,8.18,,,,,,,
21,2,0.00,7.77,7.98,,,,,,,
21,2,0.00,7.74,7.78,,,,,,,
21,2,0.00,7.74,7.92,,,,,,,
21,2,0.00,8.00,8.07,,,,,,,
74SS1,2,0.00,8.50,8.40,,,,,,,
74SS1,2,0.00,7.59,7.45,,,,,,,
74SS1,2,0.00,8.07,8.00,,,,,,,
74SS1,2,0.00,7.85,8.25,,,,,,,
87,2,0.00,7.53,7.40,,,,,,,
87,2,0.00,7.81,7.73,,,,,,,
87,2,0.00,6.37,7.09,,,,,,,
87,2,0.00,7.79,7.76,,,,,,,
118,2,0.00,8.06,8.07,,,,,,,
118,2,0.00,8.07,8.07,,,,,,,
118,2,0.00,7.91,8.04,,,,,,,
118,2,0.00,8.47,8.12,,,,,,,
129,2,0.00,7.63,7.82,,,,,,,
129,2,0.00,7.54,7.57,,,,,,,
129,2,0.00,7.86,7.77,,,,,,,
129,2,0.00,7.29,7.53,,,,,,,
449,2,0.00,7.77,7.3,,,,,,,
449,2,0.00,8.01,7.71,,,,,,,
449,2,0.00,8.03,8,,,,,,,
449,2,0.00,7.27,7.85,,,,,,,
461,2,0.00,6.28,6.37,,,,,,,
461,2,0.00,5.88,6.18,,,,,,,
461,2,0.00,6.14,5.65,,,,,,,
461,2,0.00,5.97,6.27,,,,,,,
467,2,0.00,8.11,7.82,,,,,,,
467,2,0.00,7.77,7.88,,,,,,,
467,2,0.00,7.37,7.50,,,,,,,
467,2,0.00,7.61,8.06,,,,,,,
475,2,0.00,7.48,7.22,,,,,,,
475,2,0.00,7.49,7.55,,,,,,,
475,2,0.00,6.77,7.10,,,,,,,
475,2,0.00,7.67,7.39,,,,,,,
558,2,0.00,7.68,7.73,,,,,,,
558,2,0.00,7.63,7.66,,,,,,,
558,2,0.00,7.54,7.63,,,,,,,
558,2,0.00,7.84,7.70,,,,,,,
564,2,0.00,7.53,7.65,,,,,,,
564,2,0.00,7.43,8.05,,,,,,,
564,2,0.00,7.26,6.71,,,,,,,
564,2,0.00,7.18,7.14,,,,,,,
568,2,0.00,7.63,7.66,,,,,,,
568,2,0.00,8.41,8.33,,,,,,,
568,2,0.00,8.4,8.34,,,,,,,
568,2,0.00,8.1,8.36,,,,,,,
581,2,0.00,7.94,8.03,,,,,,,
581,2,0.00,7.68,7.75,,,,,,,
581,2,0.00,7.83,7.72,,,,,,,
581,2,0.00,8.12,7.73,,,,,,,
645,2,0.00,7.31,7.61,,,,,,,
645,2,0.00,7.66,7.10,,,,,,,
645,2,0.00,7.66,7.03,,,,,,,
645,2,0.00,7.81,7.40,,,,,,,
667,2,0.00,7.47,7.30,,,,,,,
667,2,0.00,7.26,7.35,,,,,,,
667,2,0.00,7.28,7.41,,,,,,,
667,2,0.00,7.49,7.56,,,,,,,
800,2,0.00,8.36,8.17,,,,,,,
800,2,0.00,7.93,7.91,,,,,,,
800,2,0.00,8.14,8.08,,,,,,,
800,2,0.00,8.17,8.10,,,,,,,
62-02,2,0.00,7.78,7.98,,,,,,,
62-02,2,0.00,7.47,6.83,,,,,,,
62-02,2,0.00,7.03,7.09,,,,,,,
62-02,2,0.00,7.72,8.10,,,,,,,
62-03,2,0.00,7.20,7.61,,,,,,,
62-03,2,0.00,7.91,8.05,,,,,,,
62-03,2,0.00,7.47,7.56,,,,,,,
62-03,2,0.00,7.46,7.55,,,,,,,
62-04,2,0.00,8.05,8.16,,,,,,,
62-04,2,0.00,7.83,8.10,,,,,,,
62-04,2,0.00,8.08,8.20,,,,,,,
62-04,2,0.00,8.16,7.93,,,,,,,
78-01,2,0.00,7.96,7.96,,,,,,,
78-01,2,0.00,6.40,5.96,,,,,,,
78-01,2,0.00,6.29,6.75,,,,,,,
78-01,2,0.00,7.33,7.15,,,,,,,
78-02,2,0.00,7.71,7.40,,,,,,,
78-02,2,0.00,7.63,7.70,,,,,,,
78-02,2,0.00,7.65,7.65,,,,,,,
78-02,2,0.00,7.70,8.01,,,,,,,
78-05,2,0.00,6.52,6.76,,,,,,,
78-05,2,0.00,7.59,7.29,,,,,,,
78-05,2,0.00,7.25,6.79,,,,,,,
78-05,2,0.00,7.01,7.23,,,,,,,
S-01,2,0.00,6.51,6.74,,,,,,,
S-01,2,0.00,6.64,7.27,,,,,,,
S-01,2,0.00,6.98,7.21,,,,,,,
S-01,2,0.00,6.75,7.21,,,,,,,
H-01,2,0.00,7.56,7.69,,,,,,,
H-01,2,0.00,7.76,7.45,,,,,,,
H-01,2,0.00,7.63,7.58,,,,,,,
H-01,2,0.00,7.84,7.78,,,,,,,
H-03,2,0.00,8.06,7.81,,,,,,,
H-03,2,0.00,7.91,7.76,,,,,,,
H-03,2,0.00,8.39,8.36,,,,,,,
H-03,2,0.00,8.05,8.04,,,,,,,
H-04,2,0.00,7.36,7.45,,,,,,,
H-04,2,0.00,7.51,7.18,,,,,,,
H-04,2,0.00,6.97,7.01,,,,,,,
H-04,2,0.00,7.62,7.18,,,,,,,
I-20,2,0.00,7.92,8.06,,,,,,,
I-20,2,0.00,7.05,7.05,,,,,,,
I-20,2,0.00,7.82,7.86,,,,,,,
I-20,2,0.00,7.81,7.74,,,,,,,
419,2,0.00,7.60,7.78,,,,,,,
419,2,0.00,7.36,7.20,,,,,,,
419,2,0.00,6.61,6.68,,,,,,,
419,2,0.00,7.36,7.32,,,,,,,
413,2,0.00,8.25,7.87,,,,,,,
413,2,0.00,7.98,7.91,,,,,,,
413,2,0.00,7.35,7.56,,,,,,,
413,2,0.00,7.98,7.86,,,,,,,
W212,2,0.00,8.28,8.10,,,,,,,
W212,2,0.00,7.89,7.95,,,,,,,
W212,2,0.00,7.86,7.82,,,,,,,
W212,2,0.00,8.44,8.01,,,,,,,
318,2,0.00,8.50,8.00,,,,,,,
318,2,0.00,6.99,7.74,,,,,,,
318,2,0.00,7.55,7.40,,,,,,,
318,2,0.00,7.31,7.91,,,,,,,
1025,2,0.00,8.09,7.84,,,,,,,
1025,2,0.00,7.51,7.64,,,,,,,
1025,2,0.00,7.83,7.57,,,,,,,
1025,2,0.00,7.54,7.56,,,,,,,
1026,2,0.00,8.39,7.97,,,,,,,
1026,2,0.00,8.28,8.15,,,,,,,
1026,2,0.00,8.05,7.98,,,,,,,
1026,2,0.00,8.11,8.47,,,,,,,
1027,2,0.00,8.20,8.15,,,,,,,
1027,2,0.00,7.43,7.41,,,,,,,
1027,2,0.00,7.11,7.27,,,,,,,
1027,2,0.00,7.33,7.60,,,,,,,
1029,2,0.00,7.09,6.57,,,,,,,
1029,2,0.00,6.29,5.26,,,,,,,
1029,2,0.00,6.19,6.23,,,,,,,
1029,2,0.00,6.72,6.67,,,,,,,
1032,2,0.00,7.07,7.48,,,,,,,
1032,2,0.00,7.55,7.23,,,,,,,
1032,2,0.00,6.17,6.61,,,,,,,
1032,2,0.00,7.70,7.54,,,,,,,
1033,2,0.00,8.10,7.97,,,,,,,
1033,2,0.00,7.45,7.56,,,,,,,
1033,2,0.00,7.26,7.11,,,,,,,
1033,2,0.00,7.07,7.26,,,,,,,
1,2,0.75,6.73,6.22,,,,,,,
1,2,0.75,6.86,6.47,,,,,,,
1,2,0.75,7.13,6.96,,,,,,,
1,2,0.75,7.16,7.31,,,,,,,
8,2,0.75,7.55,5.97,,,,,,,
8,2,0.75,7.78,7.29,,,,,,,
8,2,0.75,6.99,7.42,,,,,,,
8,2,0.75,7.23,7.23,,,,,,,
12B,2,0.75,6.63,7.23,,,,,,,
12B,2,0.75,7.30,7.58,,,,,,,
12B,2,0.75,7.67,7.63,,,,,,,
12B,2,0.75,7.61,7.83,,,,,,,
20,2,0.75,7.72,7.36,,,,,,,
20,2,0.75,7.58,7.63,,,,,,,
20,2,0.75,7.26,7.62,,,,,,,
20,2,0.75,6.26,7.22,,,,,,,
123,2,0.75,7.51,7.81,,,,,,,
123,2,0.75,7.48,7.28,,,,,,,
123,2,0.75,7.73,7.30,,,,,,,
123,2,0.75,7.48,7.79,,,,,,,
21,2,0.75,7.12,7.40,,,,,,,
21,2,0.75,7.73,7.77,,,,,,,
21,2,0.75,6.89,6.89,,,,,,,
21,2,0.75,7.05,6.88,,,,,,,
74SS1,2,0.75,7.75,7.22,,,,,,,
74SS1,2,0.75,5.84,6.57,,,,,,,
74SS1,2,0.75,5.39,6.28,,,,,,,
74SS1,2,0.75,5.58,6.65,,,,,,,
87,2,0.75,7.49,7.15,,,,,,,
87,2,0.75,6.32,6.32,,,,,,,
87,2,0.75,7.12,7.50,,,,,,,
87,2,0.75,7.00,7.18,,,,,,,
118,2,0.75,7.89,7.93,,,,,,,
118,2,0.75,7.87,7.96,,,,,,,
118,2,0.75,7.58,7.67,,,,,,,
118,2,0.75,7.87,7.74,,,,,,,
129,2,0.75,6.73,6.89,,,,,,,
129,2,0.75,6.98,7.54,,,,,,,
129,2,0.75,6.54,6.63,,,,,,,
129,2,0.75,7.03,6.85,,,,,,,
449,2,0.75,7.27,6.32,,,,,,,
449,2,0.75,7.25,7.30,,,,,,,
449,2,0.75,7.24,7.36,,,,,,,
449,2,0.75,7.09,7.41,,,,,,,
461,2,0.75,4.39,4.11,,,,,,,
461,2,0.75,4.01,4.11,,,,,,,
461,2,0.75,4.20,3.57,,,,,,,
461,2,0.75,3.21,3.82,,,,,,,
467,2,0.75,6.97,5.85,,,,,,,
467,2,0.75,5.56,7.30,,,,,,,
467,2,0.75,6.76,6.07,,,,,,,
467,2,0.75,5.05,4.87,,,,,,,
475,2,0.75,5.08,5.77,,,,,,,
475,2,0.75,6.77,5.58,,,,,,,
475,2,0.75,4.58,5.10,,,,,,,
475,2,0.75,5.50,6.13,,,,,,,
558,2,0.75,5.78,6.40,,,,,,,
558,2,0.75,6.22,7.32,,,,,,,
558,2,0.75,6.63,6.87,,,,,,,
558,2,0.75,6.55,5.69,,,,,,,
564,2,0.75,7.15,7.66,,,,,,,
564,2,0.75,7.49,7.50,,,,,,,
564,2,0.75,7.38,7.55,,,,,,,
564,2,0.75,7.22,7.49,,,,,,,
568,2,0.75,7.28,7.17,,,,,,,
568,2,0.75,7.57,6.82,,,,,,,
568,2,0.75,7.40,7.27,,,,,,,
568,2,0.75,6.92,7.06,,,,,,,
581,2,0.75,6.40,6.75,,,,,,,
581,2,0.75,5.19,5.16,,,,,,,
581,2,0.75,6.53,6.55,,,,,,,
581,2,0.75,6.39,5.87,,,,,,,
645,2,0.75,6.92,5.96,,,,,,,
645,2,0.75,7.40,5.56,,,,,,,
645,2,0.75,7.15,5.54,,,,,,,
645,2,0.75,5.54,5.71,,,,,,,
667,2,0.75,6.83,7.23,,,,,,,
667,2,0.75,5.83,6.92,,,,,,,
667,2,0.75,6.44,5.34,,,,,,,
667,2,0.75,6.53,5.82,,,,,,,
800,2,0.75,7.72,7.83,,,,,,,
800,2,0.75,8.00,8.05,,,,,,,
800,2,0.75,7.74,7.55,,,,,,,
800,2,0.75,7.67,7.44,,,,,,,
62-02,2,0.75,6.36,6.03,,,,,,,
62-02,2,0.75,6.99,6.42,,,,,,,
62-02,2,0.75,4.18,5.93,,,,,,,
62-02,2,0.75,5.84,5.73,,,,,,,
62-03,2,0.75,6.41,6.57,,,,,,,
62-03,2,0.75,5.88,6.67,,,,,,,
62-03,2,0.75,6.22,5.68,,,,,,,
62-03,2,0.75,6.40,6.48,,,,,,,
62-04,2,0.75,6.91,5.72,,,,,,,
62-04,2,0.75,5.01,5.49,,,,,,,
62-04,2,0.75,4.63,4.75,,,,,,,
62-04,2,0.75,5.10,5.51,,,,,,,
78-01,2,0.75,6.12,5.11,,,,,,,
78-01,2,0.75,6.79,6.91,,,,,,,
78-01,2,0.75,5.99,6.46,,,,,,,
78-01,2,0.75,5.84,6.33,,,,,,,
78-02,2,0.75,6.42,6.97,,,,,,,
78-02,2,0.75,7.07,6.76,,,,,,,
78-02,2,0.75,6.05,7.28,,,,,,,
78-02,2,0.75,6.82,6.94,,,,,,,
78-02,2,0.75,6.80,5.79,,,,,,,
78-05,2,0.75,6.38,6.73,,,,,,,
78-05,2,0.75,7.14,6.45,,,,,,,
78-05,2,0.75,6.88,6.07,,,,,,,
S-01,2,0.75,4.64,5.75,,,,,,,
S-01,2,0.75,5.92,6.86,,,,,,,
S-01,2,0.75,6.17,6.28,,,,,,,
S-01,2,0.75,5.93,4.50,,,,,,,
H-01,2,0.75,6.31,5.51,,,,,,,
H-01,2,0.75,7.10,6.88,,,,,,,
H-01,2,0.75,6.59,6.20,,,,,,,
H-01,2,0.75,7.07,6.98,,,,,,,
H-03,2,0.75,6.99,7.92,,,,,,,
H-03,2,0.75,7.62,7.33,,,,,,,
H-03,2,0.75,7.92,7.60,,,,,,,
H-03,2,0.75,7.54,7.50,,,,,,,
H-04,2,0.75,6.31,5.61,,,,,,,
H-04,2,0.75,6.13,5.80,,,,,,,
H-04,2,0.75,6.17,5.75,,,,,,,
H-04,2,0.75,5.41,5.39,,,,,,,
I-20,2,0.75,7.17,6.99,,,,,,,
I-20,2,0.75,7.40,7.28,,,,,,,
I-20,2,0.75,7.52,7.51,,,,,,,
I-20,2,0.75,7.44,7.22,,,,,,,
419,2,0.75,6.33,7.07,,,,,,,
419,2,0.75,6.79,7.08,,,,,,,
419,2,0.75,6.60,6.57,,,,,,,
419,2,0.75,6.80,6.59,,,,,,,
413,2,0.75,6.33,7.26,,,,,,,
413,2,0.75,6.66,7.39,,,,,,,
413,2,0.75,6.49,6.87,,,,,,,
413,2,0.75,6.32,6.74,,,,,,,
W212,2,0.75,6.97,7.41,,,,,,,
W212,2,0.75,7.54,7.43,,,,,,,
W212,2,0.75,7.17,7.30,,,,,,,
W212,2,0.75,7.84,7.94,,,,,,,
318,2,0.75,7.24,7.14,,,,,,,
318,2,0.75,6.62,7.55,,,,,,,
318,2,0.75,6.59,7.13,,,,,,,
318,2,0.75,6.20,7.19,,,,,,,
1025,2,0.75,6.59,7.32,,,,,,,
1025,2,0.75,7.46,5.87,,,,,,,
1025,2,0.75,5.48,5.77,,,,,,,
1025,2,0.75,5.78,5.91,,,,,,,
1026,2,0.75,7.78,7.72,,,,,,,
1026,2,0.75,7.77,7.6,,,,,,,
1026,2,0.75,7.72,7.72,,,,,,,
1026,2,0.75,7.88,7.68,,,,,,,
1027,2,0.75,6.76,6.12,,,,,,,
1027,2,0.75,6.40,6.88,,,,,,,
1027,2,0.75,6.63,4.61,,,,,,,
1027,2,0.75,6.66,5.36,,,,,,,
1029,2,0.75,6.03,6.01,,,,,,,
1029,2,0.75,6.48,6.14,,,,,,,
1029,2,0.75,6.24,5.47,,,,,,,
1029,2,0.75,5.84,5.94,,,,,,,
1032,2,0.75,5.76,5.99,,,,,,,
1032,2,0.75,6.85,6.48,,,,,,,
1032,2,0.75,5.11,5.53,,,,,,,
1032,2,0.75,5.53,6.23,,,,,,,
1033,2,0.75,6.21,6.53,,,,,,,
1033,2,0.75,6.07,6.74,,,,,,,
1033,2,0.75,6.15,5.82,,,,,,,
1033,2,0.75,5.89,4.85,,,,,,,
1,2,1.00,6.34,6.49,,,,,,,
1,2,1.00,3.75,3.27,,,,,,,
1,2,1.00,6.52,6.94,,,,,,,
1,2,1.00,6.90,6.55,,,,,,,
8,2,1.00,7.14,6.99,,,,,,,
8,2,1.00,5.77,5.87,,,,,,,
8,2,1.00,6.20,7.16,,,,,,,
8,2,1.00,7.08,7.01,,,,,,,
12B,2,1.00,6.65,6.82,,,,,,,
12B,2,1.00,7.19,7.23,,,,,,,
12B,2,1.00,6.38,7.03,,,,,,,
12B,2,1.00,6.69,7.66,,,,,,,
20,2,1.00,7.62,7.84,,,,,,,
20,2,1.00,6.75,7.78,,,,,,,
20,2,1.00,6.60,6.17,,,,,,,
20,2,1.00,6.87,7.84,,,,,,,
123,2,1.00,7.39,7.44,,,,,,,
123,2,1.00,6.35,6.68,,,,,,,
123,2,1.00,7.12,7.55,,,,,,,
123,2,1.00,7.89,8.08,,,,,,,
21,2,1.00,6.80,7.11,,,,,,,
21,2,1.00,6.80,7.01,,,,,,,
21,2,1.00,6.81,7.44,,,,,,,
21,2,1.00,6.93,6.22,,,,,,,
74SS1,2,1.00,6.63,6.74,,,,,,,
74SS1,2,1.00,4.79,6.35,,,,,,,
74SS1,2,1.00,6.54,6.54,,,,,,,
74SS1,2,1.00,6.57,7.20,,,,,,,
87,2,1.00,6.18,7.41,,,,,,,
87,2,1.00,6.24,6.39,,,,,,,
87,2,1.00,7.11,7.17,,,,,,,
87,2,1.00,7.19,6.61,,,,,,,
118,2,1.00,6.48,7.96,,,,,,,
118,2,1.00,7.34,7.78,,,,,,,
118,2,1.00,7.26,7.20,,,,,,,
118,2,1.00,7.65,7.20,,,,,,,
129,2,1.00,6.19,6.51,,,,,,,
129,2,1.00,6.56,6.59,,,,,,,
129,2,1.00,4.59,6.57,,,,,,,
129,2,1.00,6.61,6.92,,,,,,,
449,2,1.00,7.44,6.00,,,,,,,
449,2,1.00,6.22,6.34,,,,,,,
449,2,1.00,6.62,7.36,,,,,,,
449,2,1.00,7.08,7.31,,,,,,,
461,2,1.00,3.80,4.09,,,,,,,
461,2,1.00,3.76,3.10,,,,,,,
461,2,1.00,3.50,3.47,,,,,,,
461,2,1.00,3.42,3.03,,,,,,,
467,2,1.00,5.27,4.99,,,,,,,
467,2,1.00,5.74,5.64,,,,,,,
467,2,1.00,5.34,5.99,,,,,,,
467,2,1.00,4.66,4.97,,,,,,,
475,2,1.00,4.21,3.95,,,,,,,
475,2,1.00,4.96,4.16,,,,,,,
475,2,1.00,4.55,5.22,,,,,,,
475,2,1.00,5.30,4.63,,,,,,,
558,2,1.00,5.32,6.58,,,,,,,
558,2,1.00,6.33,5.54,,,,,,,
558,2,1.00,5.04,5.66,,,,,,,
558,2,1.00,5.19,5.33,,,,,,,
564,2,1.00,6.84,7.05,,,,,,,
564,2,1.00,7.29,7.13,,,,,,,
564,2,1.00,7.27,7.23,,,,,,,
564,2,1.00,7.29,7.44,,,,,,,
568,2,1.00,7.37,7.15,,,,,,,
568,2,1.00,6.23,7.51,,,,,,,
568,2,1.00,6.63,7.69,,,,,,,
568,2,1.00,7.55,7.07,,,,,,,
581,2,1.00,5.04,5.99,,,,,,,
581,2,1.00,4.54,4.77,,,,,,,
581,2,1.00,5.01,5.59,,,,,,,
581,2,1.00,5.26,6.39,,,,,,,
645,2,1.00,5.95,5.03,,,,,,,
645,2,1.00,6.79,5.83,,,,,,,
645,2,1.00,6.77,5.51,,,,,,,
645,2,1.00,6.89,5.31,,,,,,,
667,2,1.00,5.52,6.50,,,,,,,
667,2,1.00,5.39,6.11,,,,,,,
667,2,1.00,6.00,5.43,,,,,,,
667,2,1.00,6.11,5.56,,,,,,,
800,2,1.00,6.98,7.35,,,,,,,
800,2,1.00,7.71,7.42,,,,,,,
800,2,1.00,7.48,7.21,,,,,,,
800,2,1.00,7.57,7.52,,,,,,,
62-02,2,1.00,4.94,5.84,,,,,,,
62-02,2,1.00,5.68,4.87,,,,,,,
62-02,2,1.00,5.00,4.60,,,,,,,
62-02,2,1.00,5.45,6.05,,,,,,,
62-03,2,1.00,5.19,4.01,,,,,,,
62-03,2,1.00,4.86,6.23,,,,,,,
62-03,2,1.00,4.71,4.31,,,,,,,
62-03,2,1.00,5.67,5.18,,,,,,,
62-04,2,1.00,4.12,4.45,,,,,,,
62-04,2,1.00,5.10,5.16,,,,,,,
62-04,2,1.00,4.13,4.64,,,,,,,
62-04,2,1.00,5.68,6.17,,,,,,,
78-01,2,1.00,6.23,5.50,,,,,,,
78-01,2,1.00,6.31,6.36,,,,,,,
78-01,2,1.00,4.78,5.34,,,,,,,
78-01,2,1.00,5.66,5.77,,,,,,,
78-02,2,1.00,6.68,5.80,,,,,,,
78-02,2,1.00,5.48,7.06,,,,,,,
78-02,2,1.00,6.55,6.31,,,,,,,
78-02,2,1.00,6.97,7.25,,,,,,,
78-05,2,1.00,6.50,5.49,,,,,,,
78-05,2,1.00,5.48,6.63,,,,,,,
78-05,2,1.00,5.77,6.83,,,,,,,
78-05,2,1.00,6.37,5.59,,,,,,,
S-01,2,1.00,5.27,4.45,,,,,,,
S-01,2,1.00,4.89,4.08,,,,,,,
S-01,2,1.00,5.24,5.63,,,,,,,
S-01,2,1.00,5.83,5.08,,,,,,,
H-01,2,1.00,4.83,4.62,,,,,,,
H-01,2,1.00,5.67,5.91,,,,,,,
H-01,2,1.00,6.68,5.97,,,,,,,
H-01,2,1.00,4.95,6.16,,,,,,,
H-03,2,1.00,7.03,6.36,,,,,,,
H-03,2,1.00,6.42,5.50,,,,,,,
H-03,2,1.00,7.56,7.09,,,,,,,
H-03,2,1.00,7.30,6.20,,,,,,,
H-04,2,1.00,5.98,4.71,,,,,,,
H-04,2,1.00,4.33,4.82,,,,,,,
H-04,2,1.00,6.02,5.21,,,,,,,
H-04,2,1.00,6.05,6.08,,,,,,,
I-20,2,1.00,7.13,6.68,,,,,,,
I-20,2,1.00,6.96,6.89,,,,,,,
I-20,2,1.00,7.64,7.41,,,,,,,
I-20,2,1.00,7.45,6.93,,,,,,,
419,2,1.00,5.48,5.45,,,,,,,
419,2,1.00,6.86,6.82,,,,,,,
419,2,1.00,5.94,6.68,,,,,,,
419,2,1.00,6.44,7.04,,,,,,,
413,2,1.00,7.50,7.20,,,,,,,
413,2,1.00,7.13,6.45,,,,,,,
413,2,1.00,7.07,6.84,,,,,,,
413,2,1.00,7.08,6.75,,,,,,,
W212,2,1.00,7.30,6.80,,,,,,,
W212,2,1.00,7.17,6.74,,,,,,,
W212,2,1.00,6.72,7.03,,,,,,,
W212,2,1.00,7.61,7.01,,,,,,,
318,2,1.00,6.36,6.38,,,,,,,
318,2,1.00,6.49,6.06,,,,,,,
318,2,1.00,6.70,6.26,,,,,,,
318,2,1.00,6.89,6.05,,,,,,,
1025,2,1.00,7.11,5.71,,,,,,,
1025,2,1.00,6.10,5.25,,,,,,,
1025,2,1.00,4.78,4.87,,,,,,,
1025,2,1.00,6.07,4.27,,,,,,,
1026,2,1.00,7.85,8.02,,,,,,,
1026,2,1.00,7.66,7.86,,,,,,,
1026,2,1.00,7.64,7.69,,,,,,,
1026,2,1.00,7.34,7.64,,,,,,,
1027,2,1.00,6.73,5.32,,,,,,,
1027,2,1.00,5.61,6.15,,,,,,,
1027,2,1.00,5.62,5.71,,,,,,,
1027,2,1.00,6.60,5.50,,,,,,,
1029,2,1.00,5.34,5.42,,,,,,,
1029,2,1.00,4.89,5.63,,,,,,,
1029,2,1.00,4.91,5.76,,,,,,,
1029,2,1.00,5.07,5.98,,,,,,,
1032,2,1.00,6.22,6.10,,,,,,,
1032,2,1.00,4.63,3.90,,,,,,,
1032,2,1.00,4.56,4.96,,,,,,,
1032,2,1.00,5.28,5.65,,,,,,,
1033,2,1.00,5.18,6.22,,,,,,,
1033,2,1.00,6.59,5.11,,,,,,,
1033,2,1.00,5.76,5.50,,,,,,,
1033,2,1.00,4.93,6.23,,,,,,,
1,2,1.50,5.45,4.54,,,,,,,
1,2,1.50,3.23,2.67,,,,,,,
1,2,1.50,5.28,5.03,,,,,,,
1,2,1.50,6.21,5.62,,,,,,,
8,2,1.50,4.29,5.60,,,,,,,
8,2,1.50,4.10,3.01,,,,,,,
8,2,1.50,4.58,5.07,,,,,,,
8,2,1.50,5.65,5.40,,,,,,,
12B,2,1.50,3.95,3.20,,,,,,,
12B,2,1.50,3.51,4.29,,,,,,,
12B,2,1.50,5.76,5.05,,,,,,,
12B,2,1.50,5.33,6.37,,,,,,,
20,2,1.50,5.33,6.69,,,,,,,
20,2,1.50,1.85,2.28,,,,,,,
20,2,1.50,6.09,4.84,,,,,,,
20,2,1.50,5.10,6.81,,,,,,,
123,2,1.50,6.44,5.63,,,,,,,
123,2,1.50,4.12,3.16,,,,,,,
123,2,1.50,6.97,6.85,,,,,,,
123,2,1.50,6.23,7.31,,,,,,,
21,2,1.50,6.92,5.72,,,,,,,
21,2,1.50,4.27,4.10,,,,,,,
21,2,1.50,5.02,4.91,,,,,,,
21,2,1.50,5.65,5.07,,,,,,,
74SS1,2,1.50,5.64,6.00,,,,,,,
74SS1,2,1.50,1.76,1.99,,,,,,,
74SS1,2,1.50,4.09,5.14,,,,,,,
74SS1,2,1.50,5.83,4.94,,,,,,,
87,2,1.50,5.91,7.51,,,,,,,
87,2,1.50,5.83,5.76,,,,,,,
87,2,1.50,6.63,7.02,,,,,,,
87,2,1.50,4.50,5.36,,,,,,,
118,2,1.50,6.99,6.75,,,,,,,
118,2,1.50,4.90,4.23,,,,,,,
118,2,1.50,6.04,5.48,,,,,,,
118,2,1.50,7.01,5.13,,,,,,,
129,2,1.50,5.89,6.29,,,,,,,
129,2,1.50,3.42,2.82,,,,,,,
129,2,1.50,4.26,2.89,,,,,,,
129,2,1.50,4.90,6.20,,,,,,,
449,2,1.50,6.65,5.18,,,,,,,
449,2,1.50,4.80,3.47,,,,,,,
449,2,1.50,5.68,6.32,,,,,,,
449,2,1.50,6.80,5.44,,,,,,,
461,2,1.50,3.14,2.81,,,,,,,
461,2,1.50,1.70,1.90,,,,,,,
461,2,1.50,3.16,2.91,,,,,,,
461,2,1.50,2.43,2.31,,,,,,,
467,2,1.50,4.35,4.70,,,,,,,
467,2,1.50,2.40,2.17,,,,,,,
467,2,1.50,5.16,4.06,,,,,,,
467,2,1.50,3.37,3.37,,,,,,,
475,2,1.50,3.97,4.08,,,,,,,
475,2,1.50,2.33,2.19,,,,,,,
475,2,1.50,4.25,3.30,,,,,,,
475,2,1.50,4.25,4.16,,,,,,,
558,2,1.50,3.20,4.91,,,,,,,
558,2,1.50,2.24,3.78,,,,,,,
558,2,1.50,4.06,3.45,,,,,,,
558,2,1.50,2.94,3.81,,,,,,,
564,2,1.50,7.06,6.33,,,,,,,
564,2,1.50,6.22,5.23,,,,,,,
564,2,1.50,6.58,6.72,,,,,,,
564,2,1.50,7.96,6.80,,,,,,,
568,2,1.50,6.69,6.53,,,,,,,
568,2,1.50,3.18,4.03,,,,,,,
568,2,1.50,6.14,4.94,,,,,,,
568,2,1.50,6.89,6.27,,,,,,,
581,2,1.50,4.35,4.06,,,,,,,
581,2,1.50,2.36,2.31,,,,,,,
581,2,1.50,4.37,5.11,,,,,,,
581,2,1.50,3.98,4.69,,,,,,,
645,2,1.50,6.28,4.84,,,,,,,
645,2,1.50,2.39,3.04,,,,,,,
645,2,1.50,6.16,4.35,,,,,,,
645,2,1.50,4.36,6.17,,,,,,,
667,2,1.50,4.78,3.71,,,,,,,
667,2,1.50,2.21,2.44,,,,,,,
667,2,1.50,3.60,5.19,,,,,,,
667,2,1.50,3.23,4.12,,,,,,,
800,2,1.50,7.36,7.44,,,,,,,
800,2,1.50,2.82,4.53,,,,,,,
800,2,1.50,6.76,4.99,,,,,,,
800,2,1.50,7.26,7.41,,,,,,,
62-02,2,1.50,3.10,4.15,,,,,,,
62-02,2,1.50,2.45,2.13,,,,,,,
62-02,2,1.50,3.46,3.15,,,,,,,
62-02,2,1.50,3.93,4.29,,,,,,,
62-03,2,1.50,5.03,4.75,,,,,,,
62-03,2,1.50,1.52,1.65,,,,,,,
62-03,2,1.50,4.17,3.48,,,,,,,
62-03,2,1.50,4.91,4.30,,,,,,,
62-04,2,1.50,4.08,4.23,,,,,,,
62-04,2,1.50,2.25,1.71,,,,,,,
62-04,2,1.50,2.62,2.25,,,,,,,
62-04,2,1.50,4.36,4.88,,,,,,,
78-01,2,1.50,5.24,5.41,,,,,,,
78-01,2,1.50,2.36,2.28,,,,,,,
78-01,2,1.50,3.42,4.33,,,,,,,
78-01,2,1.50,5.57,5.57,,,,,,,
78-02,2,1.50,6.40,6.00,,,,,,,
78-02,2,1.50,3.06,3.45,,,,,,,
78-02,2,1.50,5.50,5.62,,,,,,,
78-02,2,1.50,4.95,6.27,,,,,,,
78-05,2,1.50,5.73,6.80,,,,,,,
78-05,2,1.50,5.30,4.52,,,,,,,
78-05,2,1.50,4.53,4.20,,,,,,,
78-05,2,1.50,4.57,5.75,,,,,,,
S-01,2,1.50,3.96,5.27,,,,,,,
S-01,2,1.50,2.97,3.72,,,,,,,
S-01,2,1.50,4.80,5.50,,,,,,,
S-01,2,1.50,3.90,3.90,,,,,,,
H-01,2,1.50,4.45,3.74,,,,,,,
H-01,2,1.50,2.66,1.92,,,,,,,
H-01,2,1.50,4.37,5.16,,,,,,,
H-01,2,1.50,3.68,4.24,,,,,,,
H-03,2,1.50,5.36,5.17,,,,,,,
H-03,2,1.50,3.72,4.33,,,,,,,
H-03,2,1.50,5.99,6.56,,,,,,,
H-03,2,1.50,6.77,6.72,,,,,,,
H-04,2,1.50,5.36,3.98,,,,,,,
H-04,2,1.50,3.57,3.45,,,,,,,
H-04,2,1.50,4.31,4.62,,,,,,,
H-04,2,1.50,4.90,5.12,,,,,,,
I-20,2,1.50,5.94,6.68,,,,,,,
I-20,2,1.50,4.91,5.39,,,,,,,
I-20,2,1.50,6.32,6.82,,,,,,,
I-20,2,1.50,6.25,6.80,,,,,,,
419,2,1.50,6.37,4.71,,,,,,,
419,2,1.50,5.61,4.40,,,,,,,
419,2,1.50,5.00,6.55,,,,,,,
419,2,1.50,5.25,4.35,,,,,,,
413,2,1.50,5.69,6.73,,,,,,,
413,2,1.50,5.90,5.62,,,,,,,
413,2,1.50,5.42,5.93,,,,,,,
413,2,1.50,6.81,6.82,,,,,,,
W212,2,1.50,7.04,6.99,,,,,,,
W212,2,1.50,5.39,5.74,,,,,,,
W212,2,1.50,6.21,5.16,,,,,,,
W212,2,1.50,7.13,5.80,,,,,,,
318,2,1.50,6.14,6.93,,,,,,,
318,2,1.50,4.83,5.78,,,,,,,
318,2,1.50,5.89,6.06,,,,,,,
318,2,1.50,6.04,5.94,,,,,,,
1025,2,1.50,5.95,4.42,,,,,,,
1025,2,1.50,2.79,3.92,,,,,,,
1025,2,1.50,4.89,3.45,,,,,,,
1025,2,1.50,4.17,4.23,,,,,,,
1026,2,1.50,7.61,7.56,,,,,,,
1026,2,1.50,6.26,4.42,,,,,,,
1026,2,1.50,7.06,7.02,,,,,,,
1026,2,1.50,7.73,6.96,,,,,,,
1027,2,1.50,5.66,4.53,,,,,,,
1027,2,1.50,2.18,2.85,,,,,,,
1027,2,1.50,5.40,4.86,,,,,,,
1027,2,1.50,4.81,5.64,,,,,,,
1029,2,1.50,5.20,5.31,,,,,,,
1029,2,1.50,5.15,5.28,,,,,,,
1029,2,1.50,4.77,3.65,,,,,,,
1029,2,1.50,3.97,4.42,,,,,,,
1032,2,1.50,4.58,4.81,,,,,,,
1032,2,1.50,3.21,3.77,,,,,,,
1032,2,1.50,4.74,4.71,,,,,,,
1032,2,1.50,4.24,4.72,,,,,,,
1033,2,1.50,4.87,5.07,,,,,,,
1033,2,1.50,3.26,4.59,,,,,,,
1033,2,1.50,5.59,3.50,,,,,,,
1033,2,1.50,4.37,4.73,,,,,,,
1,2,2.00,6.04,5.60,,,,,,,
1,2,2.00,4.58,5.62,,,,,,,
1,2,2.00,5.09,5.85,,,,,,,
1,2,2.00,4.78,3.96,,,,,,,
8,2,2.00,5.33,6.27,,,,,,,
8,2,2.00,4.13,5.94,,,,,,,
8,2,2.00,6.41,6.35,,,,,,,
8,2,2.00,4.92,5.75,,,,,,,
12B,2,2.00,5.39,4.71,,,,,,,
12B,2,2.00,7.24,7.23,,,,,,,
12B,2,2.00,6.47,5.46,,,,,,,
12B,2,2.00,5.75,5.37,,,,,,,
20,2,2.00,7.09,6.23,,,,,,,
20,2,2.00,5.67,7.18,,,,,,,
20,2,2.00,6.42,5.68,,,,,,,
20,2,2.00,6.10,6.49,,,,,,,
123,2,2.00,7.39,6.04,,,,,,,
123,2,2.00,5.81,7.43,,,,,,,
123,2,2.00,6.77,7.28,,,,,,,
123,2,2.00,5.75,6.98,,,,,,,
21,2,2.00,6.60,6.00,,,,,,,
21,2,2.00,6.59,6.89,,,,,,,
21,2,2.00,6.97,7.31,,,,,,,
21,2,2.00,5.02,6.23,,,,,,,
74SS1,2,2.00,7.45,6.97,,,,,,,
74SS1,2,2.00,4.66,6.29,,,,,,,
74SS1,2,2.00,5.84,3.56,,,,,,,
74SS1,2,2.00,5.87,6.09,,,,,,,
87,2,2.00,7.67,7.48,,,,,,,
87,2,2.00,5.93,6.20,,,,,,,
87,2,2.00,7.96,7.78,,,,,,,
87,2,2.00,6.20,6.59,,,,,,,
118,2,2.00,7.31,7.91,,,,,,,
118,2,2.00,8.06,8.11,,,,,,,
118,2,2.00,7.22,7.26,,,,,,,
118,2,2.00,6.66,7.12,,,,,,,
129,2,2.00,6.93,5.20,,,,,,,
129,2,2.00,6.04,5.38,,,,,,,
129,2,2.00,6.27,4.52,,,,,,,
129,2,2.00,6.37,6.88,,,,,,,
449,2,2.00,7.59,6.37,,,,,,,
449,2,2.00,5.58,6.65,,,,,,,
449,2,2.00,6.70,6.83,,,,,,,
449,2,2.00,5.51,6.71,,,,,,,
461,2,2.00,3.78,3.30,,,,,,,
461,2,2.00,4.17,3.02,,,,,,,
461,2,2.00,3.23,2.84,,,,,,,
461,2,2.00,2.70,2.58,,,,,,,
467,2,2.00,5.40,6.63,,,,,,,
467,2,2.00,5.73,6.39,,,,,,,
467,2,2.00,5.27,6.23,,,,,,,
467,2,2.00,3.17,3.38,,,,,,,
475,2,2.00,4.63,5.08,,,,,,,
475,2,2.00,4.04,3.67,,,,,,,
475,2,2.00,4.4,3.85,,,,,,,
475,2,2.00,3.26,3.81,,,,,,,
558,2,2.00,5.82,5.18,,,,,,,
558,2,2.00,6.86,3.88,,,,,,,
558,2,2.00,6.24,5.14,,,,,,,
558,2,2.00,5.77,5.35,,,,,,,
564,2,2.00,7.5,6.85,,,,,,,
564,2,2.00,7.41,7.5,,,,,,,
564,2,2.00,7.18,6.82,,,,,,,
564,2,2.00,5.98,7.02,,,,,,,
568,2,2.00,7.69,7.31,,,,,,,
568,2,2.00,5.64,7.9,,,,,,,
568,2,2.00,7.04,7.04,,,,,,,
568,2,2.00,6.17,7.23,,,,,,,
581,2,2.00,5.32,4.25,,,,,,,
581,2,2.00,4.96,4.86,,,,,,,
581,2,2.00,3.96,5.93,,,,,,,
581,2,2.00,5.65,4.23,,,,,,,
645,2,2.00,6.59,4.56,,,,,,,
645,2,2.00,7.1,6.4,,,,,,,
645,2,2.00,6.88,5.06,,,,,,,
645,2,2.00,6.8,6.21,,,,,,,
667,2,2.00,4.07,3.69,,,,,,,
667,2,2.00,5.57,4.85,,,,,,,
667,2,2.00,3.88,5.01,,,,,,,
667,2,2.00,3.43,4.58,,,,,,,
800,2,2.00,7.34,7.83,,,,,,,
800,2,2.00,7.9,7.88,,,,,,,
800,2,2.00,6.91,6.82,,,,,,,
800,2,2.00,7.7,7.73,,,,,,,
62-02,2,2.00,3.44,3.12,,,,,,,
62-02,2,2.00,3.89,3.3,,,,,,,
62-02,2,2.00,2.82,3.28,,,,,,,
62-02,2,2.00,3.52,3.21,,,,,,,
62-03,2,2.00,4.48,4.22,,,,,,,
62-03,2,2.00,3.79,3.88,,,,,,,
62-03,2,2.00,3.94,4.80,,,,,,,
62-03,2,2.00,4.09,5.07,,,,,,,
62-04,2,2.00,4.27,4.44,,,,,,,
62-04,2,2.00,3.34,3.11,,,,,,,
62-04,2,2.00,3.04,2.86,,,,,,,
62-04,2,2.00,3.12,3.22,,,,,,,
78-01,2,2.00,5.18,5.11,,,,,,,
78-01,2,2.00,5.09,5.68,,,,,,,
78-01,2,2.00,4.43,5.88,,,,,,,
78-01,2,2.00,5.32,6.24,,,,,,,
78-02,2,2.00,6.45,3.32,,,,,,,
78-02,2,2.00,6.50,7.02,,,,,,,
78-02,2,2.00,6.75,4.71,,,,,,,
78-02,2,2.00,6.92,6.79,,,,,,,
78-05,2,2.00,6.16,5.76,,,,,,,
78-05,2,2.00,4.76,5.51,,,,,,,
78-05,2,2.00,5.19,6.17,,,,,,,
78-05,2,2.00,5.06,5.92,,,,,,,
S-01,2,2.00,5.19,4.38,,,,,,,
S-01,2,2.00,5.29,4.90,,,,,,,
S-01,2,2.00,5.93,4.76,,,,,,,
S-01,2,2.00,4.86,5.34,,,,,,,
H-01,2,2.00,5.90,4.87,,,,,,,
H-01,2,2.00,6.35,4.97,,,,,,,
H-01,2,2.00,4.82,6.33,,,,,,,
H-01,2,2.00,4.19,4.74,,,,,,,
H-03,2,2.00,5.67,7.19,,,,,,,
H-03,2,2.00,6.67,6.77,,,,,,,
H-03,2,2.00,7.20,7.61,,,,,,,
H-03,2,2.00,6.13,5.50,,,,,,,
H-04,2,2.00,6.59,5.38,,,,,,,
H-04,2,2.00,5.33,5.05,,,,,,,
H-04,2,2.00,5.07,5.68,,,,,,,
H-04,2,2.00,5.92,5.44,,,,,,,
I-20,2,2.00,7.15,6.99,,,,,,,
I-20,2,2.00,7.14,7.14,,,,,,,
I-20,2,2.00,6.54,7.42,,,,,,,
I-20,2,2.00,6.44,6.61,,,,,,,
419,2,2.00,4.97,6.71,,,,,,,
419,2,2.00,6.35,6.07,,,,,,,
419,2,2.00,7.13,6.26,,,,,,,
419,2,2.00,5.17,6.87,,,,,,,
413,2,2.00,6.15,7.14,,,,,,,
413,2,2.00,6.98,6.00,,,,,,,
413,2,2.00,7.12,7.03,,,,,,,
413,2,2.00,6.89,6.40,,,,,,,
W212,2,2.00,6.19,7.46,,,,,,,
W212,2,2.00,7.18,7.32,,,,,,,
W212,2,2.00,7.13,7.03,,,,,,,
W212,2,2.00,7.67,6.95,,,,,,,
318,2,2.00,6.24,6.63,,,,,,,
318,2,2.00,6.53,6.05,,,,,,,
318,2,2.00,6.29,6.33,,,,,,,
318,2,2.00,5.90,6.18,,,,,,,
1025,2,2.00,5.19,6.20,,,,,,,
1025,2,2.00,5.01,4.83,,,,,,,
1025,2,2.00,4.61,4.62,,,,,,,
1025,2,2.00,4.63,5.77,,,,,,,
1026,2,2.00,7.79,7.72,,,,,,,
1026,2,2.00,7.59,7.68,,,,,,,
1026,2,2.00,7.19,7.37,,,,,,,
1026,2,2.00,7.91,7.60,,,,,,,
1027,2,2.00,4.50,5.80,,,,,,,
1027,2,2.00,6.37,4.67,,,,,,,
1027,2,2.00,6.23,6.49,,,,,,,
1027,2,2.00,5.41,5.06,,,,,,,
1029,2,2.00,4.88,5.17,,,,,,,
1029,2,2.00,4.16,5.12,,,,,,,
1029,2,2.00,4.26,3.16,,,,,,,
1029,2,2.00,5.96,5.72,,,,,,,
1032,2,2.00,5.56,4.86,,,,,,,
1032,2,2.00,5.16,6.08,,,,,,,
1032,2,2.00,6.39,5.78,,,,,,,
1032,2,2.00,5.88,5.61,,,,,,,
1033,2,2.00,6.00,4.72,,,,,,,
1033,2,2.00,5.96,4.97,,,,,,,
1033,2,2.00,6.74,5.65,,,,,,,
1033,2,2.00,4.81,4.81,,,,,,,
1,2,2.50,3.74,4.27,,,,,,,
1,2,2.50,4.44,4.14,,,,,,,
1,2,2.50,4.44,4.83,,,,,,,
1,2,2.50,4.35,4.44,,,,,,,
8,2,2.50,2.64,3.56,,,,,,,
8,2,2.50,4.06,4.93,,,,,,,
8,2,2.50,4.20,6.47,,,,,,,
8,2,2.50,4.52,3.79,,,,,,,
12B,2,2.50,3.02,3.53,,,,,,,
12B,2,2.50,5.54,6.12,,,,,,,
12B,2,2.50,4.73,5.80,,,,,,,
12B,2,2.50,3.71,5.04,,,,,,,
20,2,2.50,4.43,5.97,,,,,,,
20,2,2.50,3.35,3.07,,,,,,,
20,2,2.50,4.86,6.24,,,,,,,
20,2,2.50,5.28,3.67,,,,,,,
123,2,2.50,5.45,6.06,,,,,,,
123,2,2.50,5.73,6.92,,,,,,,
123,2,2.50,5.91,6.59,,,,,,,
123,2,2.50,4.47,5.03,,,,,,,
21,2,2.50,5.07,5.74,,,,,,,
21,2,2.50,4.74,5.90,,,,,,,
21,2,2.50,5.02,6.34,,,,,,,
21,2,2.50,3.96,4.55,,,,,,,
74SS1,2,2.50,6.04,4.81,,,,,,,
74SS1,2,2.50,5.02,3.45,,,,,,,
74SS1,2,2.50,3.56,2.59,,,,,,,
74SS1,2,2.50,3.04,2.67,,,,,,,
87,2,2.50,6.83,7.44,,,,,,,
87,2,2.50,6.48,6.13,,,,,,,
87,2,2.50,7.52,5.37,,,,,,,
87,2,2.50,3.50,4.33,,,,,,,
118,2,2.50,6.45,5.01,,,,,,,
118,2,2.50,7.48,7.71,,,,,,,
118,2,2.50,7.07,6.50,,,,,,,
118,2,2.50,5.00,5.08,,,,,,,
129,2,2.50,4.78,5.54,,,,,,,
129,2,2.50,5.23,5.09,,,,,,,
129,2,2.50,5.56,6.20,,,,,,,
129,2,2.50,6.21,3.55,,,,,,,
449,2,2.50,5.08,4.22,,,,,,,
449,2,2.50,6.47,5.28,,,,,,,
449,2,2.50,6.78,6.19,,,,,,,
449,2,2.50,5.96,4.77,,,,,,,
461,2,2.50,2.56,2.20,,,,,,,
461,2,2.50,2.80,2.88,,,,,,,
461,2,2.50,2.35,2.67,,,,,,,
461,2,2.50,2.56,2.24,,,,,,,
467,2,2.50,4.48,3.43,,,,,,,
467,2,2.50,4.65,3.32,,,,,,,
467,2,2.50,4.92,6.18,,,,,,,
467,2,2.50,3.01,3.68,,,,,,,
475,2,2.50,3.70,3.40,,,,,,,
475,2,2.50,3.00,2.82,,,,,,,
475,2,2.50,3.04,3.43,,,,,,,
475,2,2.50,3.19,2.45,,,,,,,
558,2,2.50,4.38,4.38,,,,,,,
558,2,2.50,5.19,2.82,,,,,,,
558,2,2.50,5.14,5.20,,,,,,,
558,2,2.50,3.33,4.15,,,,,,,
564,2,2.50,6.36,6.18,,,,,,,
564,2,2.50,6.52,7.00,,,,,,,
564,2,2.50,6.64,6.45,,,,,,,
564,2,2.50,5.31,6.24,,,,,,,
568,2,2.50,5.13,5.04,,,,,,,
568,2,2.50,4.95,6.88,,,,,,,
568,2,2.50,5.61,7.34,,,,,,,
568,2,2.50,5.09,4.79,,,,,,,
581,2,2.50,4.87,3.76,,,,,,,
581,2,2.50,3.71,4.37,,,,,,,
581,2,2.50,4.01,4.50,,,,,,,
581,2,2.50,3.60,3.69,,,,,,,
645,2,2.50,4.59,4.82,,,,,,,
645,2,2.50,4.91,6.61,,,,,,,
645,2,2.50,4.73,4.87,,,,,,,
645,2,2.50,4.43,4.67,,,,,,,
667,2,2.50,4.30,4.27,,,,,,,
667,2,2.50,4.46,2.96,,,,,,,
667,2,2.50,5.58,4.12,,,,,,,
667,2,2.50,3.01,3.52,,,,,,,
800,2,2.50,4.97,6.85,,,,,,,
800,2,2.50,6.98,7.01,,,,,,,
800,2,2.50,6.99,4.97,,,,,,,
800,2,2.50,7.51,6.15,,,,,,,
62-02,2,2.50,2.26,2.54,,,,,,,
62-02,2,2.50,3.01,2.88,,,,,,,
62-02,2,2.50,1.85,2.27,,,,,,,
62-02,2,2.50,2.30,2.70,,,,,,,
62-03,2,2.50,3.02,2.48,,,,,,,
62-03,2,2.50,2.75,2.91,,,,,,,
62-03,2,2.50,2.46,2.33,,,,,,,
62-03,2,2.50,1.98,1.80,,,,,,,
62-04,2,2.50,1.85,2.30,,,,,,,
62-04,2,2.50,2.19,2.37,,,,,,,
62-04,2,2.50,2.50,2.57,,,,,,,
62-04,2,2.50,3.19,2.40,,,,,,,
78-01,2,2.50,3.51,5.11,,,,,,,
78-01,2,2.50,5.01,4.78,,,,,,,
78-01,2,2.50,4.51,4.03,,,,,,,
78-01,2,2.50,3.83,5.02,,,,,,,
78-02,2,2.50,3.76,5.26,,,,,,,
78-02,2,2.50,5.38,6.47,,,,,,,
78-02,2,2.50,4.82,6.53,,,,,,,
78-02,2,2.50,3.36,3.54,,,,,,,
78-05,2,2.50,4.74,5.67,,,,,,,
78-05,2,2.50,4.37,5.74,,,,,,,
78-05,2,2.50,3.75,2.31,,,,,,,
78-05,2,2.50,3.92,4.79,,,,,,,
S-01,2,2.50,4.25,4.46,,,,,,,
S-01,2,2.50,4.46,4.59,,,,,,,
S-01,2,2.50,4.59,3.62,,,,,,,
S-01,2,2.50,3.73,3.77,,,,,,,
H-01,2,2.50,3.72,5.29,,,,,,,
H-01,2,2.50,5.32,4.33,,,,,,,
H-01,2,2.50,4.25,4.42,,,,,,,
H-01,2,2.50,4.83,3.81,,,,,,,
H-03,2,2.50,5.91,5.21,,,,,,,
H-03,2,2.50,6.36,6.61,,,,,,,
H-03,2,2.50,6.88,5.83,,,,,,,
H-03,2,2.50,3.42,4.62,,,,,,,
H-04,2,2.50,5.53,5.41,,,,,,,
H-04,2,2.50,5.70,4.99,,,,,,,
H-04,2,2.50,5.76,5.62,,,,,,,
H-04,2,2.50,4.31,3.28,,,,,,,
I-20,2,2.50,6.21,6.68,,,,,,,
I-20,2,2.50,7.03,6.29,,,,,,,
I-20,2,2.50,6.47,6.12,,,,,,,
I-20,2,2.50,6.03,5.32,,,,,,,
419,2,2.50,4.53,6.28,,,,,,,
419,2,2.50,4.88,4.33,,,,,,,
419,2,2.50,6.33,5.10,,,,,,,
419,2,2.50,5.64,4.60,,,,,,,
413,2,2.50,5.21,5.46,,,,,,,
413,2,2.50,6.30,5.96,,,,,,,
413,2,2.50,7.03,6.02,,,,,,,
413,2,2.50,4.87,6.22,,,,,,,
W212,2,2.50,5.03,4.76,,,,,,,
W212,2,2.50,6.05,6.78,,,,,,,
W212,2,2.50,4.66,6.18,,,,,,,
W212,2,2.50,5.00,5.20,,,,,,,
318,2,2.50,4.80,5.58,,,,,,,
318,2,2.50,6.56,6.37,,,,,,,
318,2,2.50,6.13,4.88,,,,,,,
318,2,2.50,4.43,5.13,,,,,,,
1025,2,2.50,4.92,3.49,,,,,,,
1025,2,2.50,4.17,5.45,,,,,,,
1025,2,2.50,4.82,5.68,,,,,,,
1025,2,2.50,2.74,2.93,,,,,,,
1026,2,2.50,7.13,7.55,,,,,,,
1026,2,2.50,8.03,7.75,,,,,,,
1026,2,2.50,6.64,5.93,,,,,,,
1026,2,2.50,6.16,6.43,,,,,,,
1027,2,2.50,3.57,5.10,,,,,,,
1027,2,2.50,5.66,5.22,,,,,,,
1027,2,2.50,5.77,6.02,,,,,,,
1027,2,2.50,3.39,4.10,,,,,,,
1029,2,2.50,6.14,6.25,,,,,,,
1029,2,2.50,4.20,4.95,,,,,,,
1029,2,2.50,6.22,5.13,,,,,,,
1029,2,2.50,5.27,5.66,,,,,,,
1032,2,2.50,2.94,3.47,,,,,,,
1032,2,2.50,4.09,4.34,,,,,,,
1032,2,2.50,5.80,6.17,,,,,,,
1032,2,2.50,3.38,3.95,,,,,,,
1033,2,2.50,5.15,5.22,,,,,,,
1033,2,2.50,4.79,3.61,,,,,,,
1033,2,2.50,5.99,5.11,,,,,,,
1033,2,2.50,4.05,4.83,,,,,,,
1,2,10.00,1.44,1.26,,,,,,,
1,2,10.00,1.18,1.21,,,,,,,
1,2,10.00,1.10,1.29,,,,,,,
1,2,10.00,1.44,1.42,,,,,,,
8,2,10.00,1.35,1.40,,,,,,,
8,2,10.00,1.34,1.30,,,,,,,
8,2,10.00,1.37,1.28,,,,,,,
8,2,10.00,1.42,1.33,,,,,,,
12B,2,10.00,1.50,1.31,,,,,,,
12B,2,10.00,1.39,1.36,,,,,,,
12B,2,10.00,1.27,1.37,,,,,,,
12B,2,10.00,1.73,1.60,,,,,,,
20,2,10.00,1.43,1.49,,,,,,,
20,2,10.00,1.29,1.49,,,,,,,
20,2,10.00,1.23,1.58,,,,,,,
20,2,10.00,1.52,1.26,,,,,,,
123,2,10.00,1.20,1.32,,,,,,,
123,2,10.00,1.24,1.37,,,,,,,
123,2,10.00,1.28,1.43,,,,,,,
123,2,10.00,1.32,1.27,,,,,,,
21,2,10.00,1.44,1.58,,,,,,,
21,2,10.00,1.47,1.50,,,,,,,
21,2,10.00,1.44,1.69,,,,,,,
21,2,10.00,1.54,1.57,,,,,,,
74SS1,2,10.00,1.28,1.36,,,,,,,
74SS1,2,10.00,1.42,1.69,,,,,,,
74SS1,2,10.00,1.42,1.38,,,,,,,
74SS1,2,10.00,1.32,1.25,,,,,,,
87,2,10.00,1.40,1.37,,,,,,,
87,2,10.00,1.33,1.36,,,,,,,
87,2,10.00,1.41,1.34,,,,,,,
87,2,10.00,1.42,1.45,,,,,,,
118,2,10.00,1.52,1.42,,,,,,,
118,2,10.00,1.24,1.31,,,,,,,
118,2,10.00,1.36,1.27,,,,,,,
118,2,10.00,1.36,1.52,,,,,,,
129,2,10.00,1.49,1.43,,,,,,,
129,2,10.00,1.40,1.44,,,,,,,
129,2,10.00,1.41,1.30,,,,,,,
129,2,10.00,1.60,1.48,,,,,,,
449,2,10.00,1.18,1.37,,,,,,,
449,2,10.00,1.30,1.28,,,,,,,
449,2,10.00,1.39,1.52,,,,,,,
449,2,10.00,1.67,1.22,,,,,,,
461,2,10.00,1.36,1.29,,,,,,,
461,2,10.00,1.20,1.25,,,,,,,
461,2,10.00,1.27,1.34,,,,,,,
461,2,10.00,1.28,1.30,,,,,,,
467,2,10.00,1.49,1.59,,,,,,,
467,2,10.00,1.44,1.60,,,,,,,
467,2,10.00,1.42,1.58,,,,,,,
467,2,10.00,1.56,1.87,,,,,,,
475,2,10.00,1.58,1.59,,,,,,,
475,2,10.00,1.46,1.51,,,,,,,
475,2,10.00,1.46,1.56,,,,,,,
475,2,10.00,1.41,1.38,,,,,,,
558,2,10.00,1.09,1.20,,,,,,,
558,2,10.00,1.29,1.34,,,,,,,
558,2,10.00,1.21,1.17,,,,,,,
558,2,10.00,1.42,1.18,,,,,,,
564,2,10.00,1.36,1.28,,,,,,,
564,2,10.00,1.24,1.13,,,,,,,
564,2,10.00,1.19,1.24,,,,,,,
564,2,10.00,1.22,1.17,,,,,,,
568,2,10.00,1.34,1.40,,,,,,,
568,2,10.00,1.39,1.48,,,,,,,
568,2,10.00,1.38,1.46,,,,,,,
568,2,10.00,1.41,1.49,,,,,,,
581,2,10.00,1.45,1.47,,,,,,,
581,2,10.00,1.33,1.25,,,,,,,
581,2,10.00,1.36,1.48,,,,,,,
581,2,10.00,1.70,1.95,,,,,,,
645,2,10.00,1.29,1.16,,,,,,,
645,2,10.00,1.22,1.39,,,,,,,
645,2,10.00,1.50,1.24,,,,,,,
645,2,10.00,1.49,1.54,,,,,,,
667,2,10.00,1.35,1.38,,,,,,,
667,2,10.00,1.54,1.49,,,,,,,
667,2,10.00,1.32,1.39,,,,,,,
667,2,10.00,1.53,1.52,,,,,,,
800,2,10.00,1.61,1.51,,,,,,,
800,2,10.00,1.61,1.61,,,,,,,
800,2,10.00,1.55,1.54,,,,,,,
800,2,10.00,1.68,1.60,,,,,,,
62-02,2,10.00,1.35,1.36,,,,,,,
62-02,2,10.00,1.36,1.43,,,,,,,
62-02,2,10.00,1.07,1.32,,,,,,,
62-02,2,10.00,1.30,1.16,,,,,,,
62-03,2,10.00,1.39,1.26,,,,,,,
62-03,2,10.00,1.62,1.49,,,,,,,
62-03,2,10.00,1.40,1.33,,,,,,,
62-03,2,10.00,1.36,1.23,,,,,,,
62-04,2,10.00,1.55,1.47,,,,,,,
62-04,2,10.00,1.40,1.38,,,,,,,
62-04,2,10.00,1.42,1.39,,,,,,,
62-04,2,10.00,1.58,1.45,,,,,,,
78-01,2,10.00,1.45,1.28,,,,,,,
78-01,2,10.00,1.45,1.49,,,,,,,
78-01,2,10.00,1.59,1.45,,,,,,,
78-01,2,10.00,1.80,1.69,,,,,,,
78-02,2,10.00,1.42,1.49,,,,,,,
78-02,2,10.00,1.37,1.51,,,,,,,
78-02,2,10.00,1.31,1.47,,,,,,,
78-02,2,10.00,1.54,1.61,,,,,,,
78-05,2,10.00,1.46,1.34,,,,,,,
78-05,2,10.00,1.36,1.28,,,,,,,
78-05,2,10.00,1.30,1.22,,,,,,,
78-05,2,10.00,1.54,1.43,,,,,,,
S-01,2,10.00,1.31,1.36,,,,,,,
S-01,2,10.00,1.31,1.40,,,,,,,
S-01,2,10.00,1.44,1.34,,,,,,,
S-01,2,10.00,1.45,1.31,,,,,,,
H-01,2,10.00,1.55,1.71,,,,,,,
H-01,2,10.00,1.80,1.66,,,,,,,
H-01,2,10.00,1.58,1.58,,,,,,,
H-01,2,10.00,1.78,1.71,,,,,,,
H-03,2,10.00,1.26,1.40,,,,,,,
H-03,2,10.00,1.57,1.64,,,,,,,
H-03,2,10.00,1.23,1.41,,,,,,,
H-03,2,10.00,1.47,1.52,,,,,,,
H-04,2,10.00,1.44,1.50,,,,,,,
H-04,2,10.00,1.41,1.41,,,,,,,
H-04,2,10.00,1.46,1.38,,,,,,,
H-04,2,10.00,1.52,1.61,,,,,,,
I-20,2,10.00,1.11,1.14,,,,,,,
I-20,2,10.00,1.21,1.20,,,,,,,
I-20,2,10.00,1.12,1.17,,,,,,,
I-20,2,10.00,1.47,1.41,,,,,,,
419,2,10.00,1.32,1.12,,,,,,,
419,2,10.00,1.46,1.32,,,,,,,
419,2,10.00,1.56,1.64,,,,,,,
419,2,10.00,1.59,1.59,,,,,,,
413,2,10.00,1.51,1.77,,,,,,,
413,2,10.00,1.59,1.65,,,,,,,
413,2,10.00,1.50,1.66,,,,,,,
413,2,10.00,1.60,1.71,,,,,,,
W212,2,10.00,1.26,1.26,,,,,,,
W212,2,10.00,1.39,1.36,,,,,,,
W212,2,10.00,1.42,1.57,,,,,,,
W212,2,10.00,1.52,1.48,,,,,,,
318,2,10.00,1.61,1.63,,,,,,,
318,2,10.00,1.34,1.43,,,,,,,
318,2,10.00,1.35,1.20,,,,,,,
318,2,10.00,1.29,1.38,,,,,,,
1025,2,10.00,1.50,1.36,,,,,,,
1025,2,10.00,1.50,1.81,,,,,,,
1025,2,10.00,1.72,1.77,,,,,,,
1025,2,10.00,1.51,1.76,,,,,,,
1026,2,10.00,1.26,1.31,,,,,,,
1026,2,10.00,1.52,1.45,,,,,,,
1026,2,10.00,1.52,1.46,,,,,,,
1026,2,10.00,1.59,1.74,,,,,,,
1027,2,10.00,1.63,1.53,,,,,,,
1027,2,10.00,1.58,1.48,,,,,,,
1027,2,10.00,1.56,1.60,,,,,,,
1027,2,10.00,1.74,1.65,,,,,,,
1029,2,10.00,1.45,1.53,,,,,,,
1029,2,10.00,1.31,1.50,,,,,,,
1029,2,10.00,1.75,1.60,,,,,,,
1029,2,10.00,1.67,1.51,,,,,,,
1032,2,10.00,1.06,1.15,,,,,,,
1032,2,10.00,1.18,1.04,,,,,,,
1032,2,10.00,1.08,1.06,,,,,,,
1032,2,10.00,1.17,1.37,,,,,,,
1033,2,10.00,1.58,1.53,,,,,,,
1033,2,10.00,1.51,1.70,,,,,,,
1033,2,10.00,1.98,1.58,,,,,,,
1033,2,10.00,1.71,1.76,,,,,,,
1,3,0.00,8.50,8.50,,,,,,,
1,3,0.00,8.31,8.05,,,,,,,
1,3,0.00,6.63,6.51,,,,,,,
1,3,0.00,7.90,8.04,,,,,,,
8,3,0.00,7.87,8.19,,,,,,,
8,3,0.00,7.96,8.01,,,,,,,
8,3,0.00,6.41,6.63,,,,,,,
8,3,0.00,7.69,7.65,,,,,,,
12B,3,0.00,7.42,8.51,,,,,,,
12B,3,0.00,7.82,7.99,,,,,,,
12B,3,0.00,6.91,6.76,,,,,,,
12B,3,0.00,7.53,7.48,,,,,,,
20,3,0.00,8.20,8.32,,,,,,,
20,3,0.00,7.82,7.85,,,,,,,
20,3,0.00,6.98,6.68,,,,,,,
20,3,0.00,8.03,8.38,,,,,,,
123,3,0.00,8.12,7.73,,,,,,,
123,3,0.00,7.93,8.07,,,,,,,
123,3,0.00,6.53,6.22,,,,,,,
123,3,0.00,7.83,7.83,,,,,,,
21,3,0.00,7.98,8.03,,,,,,,
21,3,0.00,7.77,7.61,,,,,,,
21,3,0.00,6.35,6.48,,,,,,,
21,3,0.00,7.85,7.75,,,,,,,
74SS1,3,0.00,8.50,8.50,,,,,,,
74SS1,3,0.00,8.06,8.16,,,,,,,
74SS1,3,0.00,6.51,6.60,,,,,,,
74SS1,3,0.00,8.22,8.38,,,,,,,
87,3,0.00,7.85,7.81,,,,,,,
87,3,0.00,7.38,7.20,,,,,,,
87,3,0.00,6.42,6.04,,,,,,,
87,3,0.00,8.00,7.69,,,,,,,
118,3,0.00,7.69,7.73,,,,,,,
118,3,0.00,7.38,7.19,,,,,,,
118,3,0.00,6.52,6.51,,,,,,,
118,3,0.00,7.59,7.99,,,,,,,
129,3,0.00,8.00,8.35,,,,,,,
129,3,0.00,7.95,7.95,,,,,,,
129,3,0.00,6.52,6.36,,,,,,,
129,3,0.00,7.27,7.01,,,,,,,
449,3,0.00,7.22,7.86,,,,,,,
449,3,0.00,7.72,7.87,,,,,,,
449,3,0.00,6.39,6.44,,,,,,,
449,3,0.00,7.73,7.92,,,,,,,
461,3,0.00,6.44,6.52,,,,,,,
461,3,0.00,6.31,5.95,,,,,,,
461,3,0.00,5.92,5.42,,,,,,,
461,3,0.00,6.02,5.69,,,,,,,
467,3,0.00,8.15,8.09,,,,,,,
467,3,0.00,7.53,7.64,,,,,,,
467,3,0.00,6.43,6.36,,,,,,,
467,3,0.00,7.77,7.44,,,,,,,
475,3,0.00,7.25,7.62,,,,,,,
475,3,0.00,7.51,6.89,,,,,,,
475,3,0.00,5.44,5.53,,,,,,,
475,3,0.00,7.12,7.05,,,,,,,
558,3,0.00,6.79,6.64,,,,,,,
558,3,0.00,6.79,6.42,,,,,,,
558,3,0.00,5.83,5.97,,,,,,,
558,3,0.00,6.76,6.81,,,,,,,
564,3,0.00,7.66,7.94,,,,,,,
564,3,0.00,7.73,7.85,,,,,,,
564,3,0.00,6.90,6.80,,,,,,,
564,3,0.00,7.98,7.98,,,,,,,
568,3,0.00,7.87,7.83,,,,,,,
568,3,0.00,7.72,7.59,,,,,,,
568,3,0.00,6.80,6.50,,,,,,,
568,3,0.00,7.07,7.14,,,,,,,
581,3,0.00,8.03,7.93,,,,,,,
581,3,0.00,7.88,7.82,,,,,,,
581,3,0.00,6.80,6.93,,,,,,,
581,3,0.00,7.85,7.79,,,,,,,
645,3,0.00,7.35,7.55,,,,,,,
645,3,0.00,7.33,7.67,,,,,,,
645,3,0.00,6.43,6.22,,,,,,,
645,3,0.00,7.54,7.28,,,,,,,
667,3,0.00,6.64,6.45,,,,,,,
667,3,0.00,6.80,6.75,,,,,,,
667,3,0.00,6.34,6.13,,,,,,,
667,3,0.00,6.39,6.96,,,,,,,
800,3,0.00,8.04,8.09,,,,,,,
800,3,0.00,8.19,8.08,,,,,,,
800,3,0.00,7.06,6.66,,,,,,,
800,3,0.00,8.06,8.08,,,,,,,
62-02,3,0.00,8.08,7.65,,,,,,,
62-02,3,0.00,8.34,8.14,,,,,,,
62-02,3,0.00,5.73,5.73,,,,,,,
62-02,3,0.00,8.02,8.06,,,,,,,
62-03,3,0.00,6.63,6.92,,,,,,,
62-03,3,0.00,6.85,6.77,,,,,,,
62-03,3,0.00,6.06,5.90,,,,,,,
62-03,3,0.00,7.29,7.54,,,,,,,
62-04,3,0.00,7.63,8.07,,,,,,,
62-04,3,0.00,7.36,7.81,,,,,,,
62-04,3,0.00,6.91,6.75,,,,,,,
62-04,3,0.00,8.03,7.81,,,,,,,
78-01,3,0.00,7.61,7.77,,,,,,,
78-01,3,0.00,7.54,7.72,,,,,,,
78-01,3,0.00,6.22,6.45,,,,,,,
78-01,3,0.00,7.69,7.44,,,,,,,
78-02,3,0.00,8.31,8.50,,,,,,,
78-02,3,0.00,8.27,7.87,,,,,,,
78-02,3,0.00,6.84,6.87,,,,,,,
78-02,3,0.00,7.78,8.07,,,,,,,
78-05,3,0.00,7.83,7.67,,,,,,,
78-05,3,0.00,7.80,7.72,,,,,,,
78-05,3,0.00,4.95,4.90,,,,,,,
78-05,3,0.00,7.74,7.84,,,,,,,
S-01,3,0.00,7.78,7.86,,,,,,,
S-01,3,0.00,6.36,6.71,,,,,,,
S-01,3,0.00,5.17,5.14,,,,,,,
S-01,3,0.00,6.22,6.67,,,,,,,
H-01,3,0.00,7.47,7.48,,,,,,,
H-01,3,0.00,7.45,7.67,,,,,,,
H-01,3,0.00,5.92,6.11,,,,,,,
H-01,3,0.00,7.69,7.50,,,,,,,
H-03,3,0.00,8.09,8.11,,,,,,,
H-03,3,0.00,8.21,8.23,,,,,,,
H-03,3,0.00,6.88,7.10,,,,,,,
H-03,3,0.00,7.96,7.93,,,,,,,
H-04,3,0.00,7.85,8.18,,,,,,,
H-04,3,0.00,8.06,8.15,,,,,,,
H-04,3,0.00,6.40,6.54,,,,,,,
H-04,3,0.00,7.93,7.93,,,,,,,
I-20,3,0.00,7.42,7.77,,,,,,,
I-20,3,0.00,7.23,7.22,,,,,,,
I-20,3,0.00,6.18,6.35,,,,,,,
I-20,3,0.00,7.30,7.33,,,,,,,
419,3,0.00,8.40,7.97,,,,,,,
419,3,0.00,7.55,7.63,,,,,,,
419,3,0.00,6.26,6.03,,,,,,,
419,3,0.00,7.87,7.76,,,,,,,
413,3,0.00,7.22,7.82,,,,,,,
413,3,0.00,7.64,7.61,,,,,,,
413,3,0.00,6.47,6.54,,,,,,,
413,3,0.00,7.59,7.75,,,,,,,
W212,3,0.00,7.63,7.43,,,,,,,
W212,3,0.00,7.56,7.50,,,,,,,
W212,3,0.00,6.04,5.86,,,,,,,
W212,3,0.00,7.33,7.55,,,,,,,
318,3,0.00,7.93,8.07,,,,,,,
318,3,0.00,7.65,7.77,,,,,,,
318,3,0.00,6.29,6.46,,,,,,,
318,3,0.00,7.37,7.15,,,,,,,
1025,3,0.00,,,,,,,,,
1025,3,0.00,7.37,6.86,,,,,,,
1025,3,0.00,6.11,6.26,,,,,,,
1025,3,0.00,7.42,7.13,,,,,,,
1026,3,0.00,8.07,7.70,,,,,,,
1026,3,0.00,8.01,7.80,,,,,,,
1026,3,0.00,6.59,6.51,,,,,,,
1026,3,0.00,7.60,7.81,,,,,,,
1027,3,0.00,7.61,7.87,,,,,,,
1027,3,0.00,7.37,7.57,,,,,,,
1027,3,0.00,5.65,5.58,,,,,,,
1027,3,0.00,6.74,6.99,,,,,,,
1029,3,0.00,8.06,7.80,,,,,,,
1029,3,0.00,7.05,6.79,,,,,,,
1029,3,0.00,6.23,6.09,,,,,,,
1029,3,0.00,7.43,7.57,,,,,,,
1032,3,0.00,7.46,7.87,,,,,,,
1032,3,0.00,7.99,7.73,,,,,,,
1032,3,0.00,6.19,6.23,,,,,,,
1032,3,0.00,7.18,7.39,,,,,,,
1033,3,0.00,8.35,8.33,,,,,,,
1033,3,0.00,7.15,7.46,,,,,,,
1033,3,0.00,5.39,6.47,,,,,,,
1033,3,0.00,7.53,7.93,,,,,,,
1,3,1.00,6.93,8.04,,,,,,,
1,3,1.00,6.44,6.28,,,,,,,
1,3,1.00,7.71,7.26,,,,,,,
1,3,1.00,7.78,8.02,,,,,,,
8,3,1.00,7.60,7.56,,,,,,,
8,3,1.00,6.72,6.57,,,,,,,
8,3,1.00,7.36,6.58,,,,,,,
8,3,1.00,8.03,8.21,,,,,,,
12B,3,1.00,7.85,7.51,,,,,,,
12B,3,1.00,6.38,6.11,,,,,,,
12B,3,1.00,7.30,7.34,,,,,,,
12B,3,1.00,7.92,6.99,,,,,,,
20,3,1.00,7.42,7.37,,,,,,,
20,3,1.00,5.69,5.65,,,,,,,
20,3,1.00,5.19,6.50,,,,,,,
20,3,1.00,7.89,7.63,,,,,,,
123,3,1.00,7.40,7.59,,,,,,,
123,3,1.00,6.70,6.66,,,,,,,
123,3,1.00,7.50,6.69,,,,,,,
123,3,1.00,7.96,7.89,,,,,,,
21,3,1.00,7.12,7.34,,,,,,,
21,3,1.00,5.91,5.99,,,,,,,
21,3,1.00,6.91,7.11,,,,,,,
21,3,1.00,7.67,7.55,,,,,,,
74SS1,3,1.00,7.39,7.82,,,,,,,
74SS1,3,1.00,6.57,6.68,,,,,,,
74SS1,3,1.00,7.64,7.06,,,,,,,
74SS1,3,1.00,8.13,8.32,,,,,,,
87,3,1.00,7.52,7.15,,,,,,,
87,3,1.00,6.18,6.05,,,,,,,
87,3,1.00,7.01,7.01,,,,,,,
87,3,1.00,7.79,7.67,,,,,,,
118,3,1.00,7.56,7.54,,,,,,,
118,3,1.00,6.29,5.97,,,,,,,
118,3,1.00,7.10,7.10,,,,,,,
118,3,1.00,7.74,7.78,,,,,,,
129,3,1.00,7.14,7.36,,,,,,,
129,3,1.00,6.18,6.09,,,,,,,
129,3,1.00,8.09,7.88,,,,,,,
129,3,1.00,7.05,6.96,,,,,,,
449,3,1.00,6.48,6.46,,,,,,,
449,3,1.00,5.83,6.18,,,,,,,
449,3,1.00,7.51,6.98,,,,,,,
449,3,1.00,7.50,7.09,,,,,,,
461,3,1.00,5.05,5.75,,,,,,,
461,3,1.00,4.60,4.53,,,,,,,
461,3,1.00,5.63,4.79,,,,,,,
461,3,1.00,4.54,5.43,,,,,,,
467,3,1.00,7.03,7.33,,,,,,,
467,3,1.00,5.85,5.79,,,,,,,
467,3,1.00,7.17,6.80,,,,,,,
467,3,1.00,7.23,7.22,,,,,,,
475,3,1.00,6.87,6.36,,,,,,,
475,3,1.00,5.90,5.60,,,,,,,
475,3,1.00,6.54,5.64,,,,,,,
475,3,1.00,6.48,6.05,,,,,,,
558,3,1.00,6.30,5.83,,,,,,,
558,3,1.00,5.02,4.91,,,,,,,
558,3,1.00,5.51,5.64,,,,,,,
558,3,1.00,6.36,5.78,,,,,,,
564,3,1.00,7.07,7.45,,,,,,,
564,3,1.00,6.69,6.78,,,,,,,
564,3,1.00,7.98,7.56,,,,,,,
564,3,1.00,7.72,7.56,,,,,,,
568,3,1.00,7.51,7.43,,,,,,,
568,3,1.00,6.03,5.88,,,,,,,
568,3,1.00,6.87,6.45,,,,,,,
568,3,1.00,7.47,7.14,,,,,,,
581,3,1.00,7.30,7.40,,,,,,,
581,3,1.00,6.20,6.25,,,,,,,
581,3,1.00,7.22,6.96,,,,,,,
581,3,1.00,7.28,7.44,,,,,,,
645,3,1.00,6.88,6.21,,,,,,,
645,3,1.00,5.83,5.69,,,,,,,
645,3,1.00,6.66,5.79,,,,,,,
645,3,1.00,6.83,6.70,,,,,,,
667,3,1.00,5.92,6.07,,,,,,,
667,3,1.00,5.95,5.69,,,,,,,
667,3,1.00,5.64,6.64,,,,,,,
667,3,1.00,6.55,5.73,,,,,,,
800,3,1.00,7.83,7.74,,,,,,,
800,3,1.00,6.42,6.37,,,,,,,
800,3,1.00,7.85,7.94,,,,,,,
800,3,1.00,7.72,7.72,,,,,,,
62-02,3,1.00,5.07,5.13,,,,,,,
62-02,3,1.00,4.23,4.82,,,,,,,
62-02,3,1.00,4.57,5.13,,,,,,,
62-02,3,1.00,5.93,5.43,,,,,,,
62-03,3,1.00,5.09,6.58,,,,,,,
62-03,3,1.00,4.23,4.52,,,,,,,
62-03,3,1.00,4.49,6.06,,,,,,,
62-03,3,1.00,5.91,5.47,,,,,,,
62-04,3,1.00,5.69,4.93,,,,,,,
62-04,3,1.00,5.26,4.88,,,,,,,
62-04,3,1.00,5.38,4.62,,,,,,,
62-04,3,1.00,4.65,4.66,,,,,,,
78-01,3,1.00,6.12,6.48,,,,,,,
78-01,3,1.00,5.15,5.90,,,,,,,
78-01,3,1.00,6.51,6.08,,,,,,,
78-01,3,1.00,6.79,7.57,,,,,,,
78-02,3,1.00,7.12,7.33,,,,,,,
78-02,3,1.00,6.21,5.33,,,,,,,
78-02,3,1.00,5.35,5.68,,,,,,,
78-02,3,1.00,7.74,6.66,,,,,,,
78-05,3,1.00,6.93,7.16,,,,,,,
78-05,3,1.00,5.86,5.70,,,,,,,
78-05,3,1.00,6.98,6.95,,,,,,,
78-05,3,1.00,7.77,7.28,,,,,,,
S-01,3,1.00,6.67,6.38,,,,,,,
S-01,3,1.00,4.88,4.72,,,,,,,
S-01,3,1.00,5.44,4.70,,,,,,,
S-01,3,1.00,4.00,4.52,,,,,,,
H-01,3,1.00,7.11,6.00,,,,,,,
H-01,3,1.00,5.05,5.15,,,,,,,
H-01,3,1.00,5.91,6.13,,,,,,,
H-01,3,1.00,6.33,5.91,,,,,,,
H-03,3,1.00,6.98,7.18,,,,,,,
H-03,3,1.00,5.66,5.35,,,,,,,
H-03,3,1.00,5.97,6.48,,,,,,,
H-03,3,1.00,7.40,7.23,,,,,,,
H-04,3,1.00,5.99,6.81,,,,,,,
H-04,3,1.00,6.18,5.88,,,,,,,
H-04,3,1.00,7.10,7.14,,,,,,,
H-04,3,1.00,6.65,7.53,,,,,,,
I-20,3,1.00,7.24,7.46,,,,,,,
I-20,3,1.00,5.76,5.72,,,,,,,
I-20,3,1.00,7.66,7.21,,,,,,,
I-20,3,1.00,7.66,7.54,,,,,,,
419,3,1.00,7.32,7.15,,,,,,,
419,3,1.00,5.54,5.85,,,,,,,
419,3,1.00,6.62,7.41,,,,,,,
419,3,1.00,7.88,7.25,,,,,,,
413,3,1.00,5.85,5.44,,,,,,,
413,3,1.00,5.25,5.18,,,,,,,
413,3,1.00,5.81,5.22,,,,,,,
413,3,1.00,5.63,6.99,,,,,,,
W212,3,1.00,7.36,6.79,,,,,,,
W212,3,1.00,5.10,5.83,,,,,,,
W212,3,1.00,7.22,6.29,,,,,,,
W212,3,1.00,7.05,6.90,,,,,,,
318,3,1.00,6.50,6.70,,,,,,,
318,3,1.00,5.88,5.69,,,,,,,
318,3,1.00,6.03,6.78,,,,,,,
318,3,1.00,6.99,6.18,,,,,,,
1025,3,1.00,6.23,6.82,,,,,,,
1025,3,1.00,5.52,5.59,,,,,,,
1025,3,1.00,6.54,6.49,,,,,,,
1025,3,1.00,7.08,6.48,,,,,,,
1026,3,1.00,7.74,7.90,,,,,,,
1026,3,1.00,6.61,6.48,,,,,,,
1026,3,1.00,7.72,7.55,,,,,,,
1026,3,1.00,7.31,7.40,,,,,,,
1027,3,1.00,5.54,5.77,,,,,,,
1027,3,1.00,4.64,4.97,,,,,,,
1027,3,1.00,3.60,4.95,,,,,,,
1027,3,1.00,5.58,5.01,,,,,,,
1029,3,1.00,7.09,6.85,,,,,,,
1029,3,1.00,5.41,5.60,,,,,,,
1029,3,1.00,6.33,6.47,,,,,,,
1029,3,1.00,6.66,6.68,,,,,,,
1032,3,1.00,6.46,7.16,,,,,,,
1032,3,1.00,5.08,4.75,,,,,,,
1032,3,1.00,6.33,6.58,,,,,,,
1032,3,1.00,6.27,6.22,,,,,,,
1033,3,1.00,6.63,7.25,,,,,,,
1033,3,1.00,5.39,5.48,,,,,,,
1033,3,1.00,6.61,6.54,,,,,,,
1033,3,1.00,6.78,7.50,,,,,,,
1,3,1.50,5.79,5.66,,,,,,,
1,3,1.50,6.93,7.35,,,,,,,
1,3,1.50,5.97,5.79,,,,,,,
1,3,1.50,6.09,6.10,,,,,,,
8,3,1.50,6.11,6.65,,,,,,,
8,3,1.50,6.52,6.11,,,,,,,
8,3,1.50,6.13,5.57,,,,,,,
8,3,1.50,6.19,6.13,,,,,,,
12B,3,1.50,7.07,5.82,,,,,,,
12B,3,1.50,6.16,7.13,,,,,,,
12B,3,1.50,5.70,6.43,,,,,,,
12B,3,1.50,5.88,6.73,,,,,,,
20,3,1.50,5.46,6.28,,,,,,,
20,3,1.50,6.30,6.36,,,,,,,
20,3,1.50,5.18,6.26,,,,,,,
20,3,1.50,5.14,5.39,,,,,,,
123,3,1.50,6.14,6.61,,,,,,,
123,3,1.50,6.15,6.11,,,,,,,
123,3,1.50,6.12,6.35,,,,,,,
123,3,1.50,6.08,5.92,,,,,,,
21,3,1.50,4.42,4.65,,,,,,,
21,3,1.50,6.75,7.00,,,,,,,
21,3,1.50,4.98,4.90,,,,,,,
21,3,1.50,5.92,6.14,,,,,,,
74SS1,3,1.50,5.51,6.01,,,,,,,
74SS1,3,1.50,7.45,7.28,,,,,,,
74SS1,3,1.50,6.85,6.38,,,,,,,
74SS1,3,1.50,5.11,5.28,,,,,,,
87,3,1.50,6.38,6.79,,,,,,,
87,3,1.50,6.80,7.06,,,,,,,
87,3,1.50,6.12,5.99,,,,,,,
87,3,1.50,6.29,5.80,,,,,,,
118,3,1.50,6.88,6.93,,,,,,,
118,3,1.50,6.95,7.60,,,,,,,
118,3,1.50,6.45,6.91,,,,,,,
118,3,1.50,5.76,6.41,,,,,,,
129,3,1.50,6.75,7.04,,,,,,,
129,3,1.50,7.10,6.94,,,,,,,
129,3,1.50,7.19,7.15,,,,,,,
129,3,1.50,5.79,5.47,,,,,,,
449,3,1.50,7.16,6.34,,,,,,,
449,3,1.50,7.52,7.43,,,,,,,
449,3,1.50,6.55,6.56,,,,,,,
449,3,1.50,5.45,6.43,,,,,,,
461,3,1.50,4.04,4.57,,,,,,,
461,3,1.50,4.58,4.23,,,,,,,
461,3,1.50,3.59,4.47,,,,,,,
461,3,1.50,2.99,3.45,,,,,,,
467,3,1.50,4.67,4.13,,,,,,,
467,3,1.50,5.83,5.23,,,,,,,
467,3,1.50,4.94,5.43,,,,,,,
467,3,1.50,4.97,4.45,,,,,,,
475,3,1.50,5.51,5.05,,,,,,,
475,3,1.50,6.27,5.57,,,,,,,
475,3,1.50,4.87,4.78,,,,,,,
475,3,1.50,5.76,4.50,,,,,,,
558,3,1.50,3.74,3.84,,,,,,,
558,3,1.50,5.78,4.62,,,,,,,
558,3,1.50,4.33,4.47,,,,,,,
558,3,1.50,3.89,5.08,,,,,,,
564,3,1.50,6.59,6.79,,,,,,,
564,3,1.50,6.96,7.22,,,,,,,
564,3,1.50,6.17,6.84,,,,,,,
564,3,1.50,6.25,6.32,,,,,,,
568,3,1.50,6.67,6.08,,,,,,,
568,3,1.50,6.46,5.89,,,,,,,
568,3,1.50,6.50,5.81,,,,,,,
568,3,1.50,5.38,4.96,,,,,,,
581,3,1.50,5.59,5.48,,,,,,,
581,3,1.50,6.54,6.09,,,,,,,
581,3,1.50,5.14,5.49,,,,,,,
581,3,1.50,5.13,5.19,,,,,,,
645,3,1.50,5.21,6.06,,,,,,,
645,3,1.50,5.64,6.10,,,,,,,
645,3,1.50,5.45,5.23,,,,,,,
645,3,1.50,4.75,4.54,,,,,,,
667,3,1.50,3.32,4.13,,,,,,,
667,3,1.50,5.25,5.16,,,,,,,
667,3,1.50,4.82,3.72,,,,,,,
667,3,1.50,4.01,4.60,,,,,,,
800,3,1.50,7.14,6.99,,,,,,,
800,3,1.50,7.41,7.77,,,,,,,
800,3,1.50,7.03,7.05,,,,,,,
800,3,1.50,6.52,6.47,,,,,,,
62-02,3,1.50,3.44,3.74,,,,,,,
62-02,3,1.50,3.47,3.94,,,,,,,
62-02,3,1.50,3.59,3.51,,,,,,,
62-02,3,1.50,3.29,3.44,,,,,,,
62-03,3,1.50,4.82,4.47,,,,,,,
62-03,3,1.50,5.10,4.19,,,,,,,
62-03,3,1.50,4.26,4.14,,,,,,,
62-03,3,1.50,4.45,3.86,,,,,,,
62-04,3,1.50,3.24,2.92,,,,,,,
62-04,3,1.50,4.05,3.83,,,,,,,
62-04,3,1.50,3.14,3.66,,,,,,,
62-04,3,1.50,2.95,3.49,,,,,,,
78-01,3,1.50,4.89,3.91,,,,,,,
78-01,3,1.50,5.07,4.34,,,,,,,
78-01,3,1.50,4.84,5.39,,,,,,,
78-01,3,1.50,4.75,4.85,,,,,,,
78-02,3,1.50,4.42,4.85,,,,,,,
78-02,3,1.50,5.36,4.69,,,,,,,
78-02,3,1.50,6.24,5.07,,,,,,,
78-02,3,1.50,5.99,6.46,,,,,,,
78-05,3,1.50,4.46,5.48,,,,,,,
78-05,3,1.50,6.27,6.71,,,,,,,
78-05,3,1.50,4.25,5.36,,,,,,,
78-05,3,1.50,5.23,5.23,,,,,,,
S-01,3,1.50,4.00,3.90,,,,,,,
S-01,3,1.50,4.52,5.17,,,,,,,
S-01,3,1.50,4.02,3.47,,,,,,,
S-01,3,1.50,2.61,3.31,,,,,,,
H-01,3,1.50,3.53,5.38,,,,,,,
H-01,3,1.50,6.06,4.73,,,,,,,
H-01,3,1.50,4.32,5.00,,,,,,,
H-01,3,1.50,3.67,3.97,,,,,,,
H-03,3,1.50,5.15,4.96,,,,,,,
H-03,3,1.50,6.46,6.79,,,,,,,
H-03,3,1.50,4.02,5.84,,,,,,,
H-03,3,1.50,5.04,4.77,,,,,,,
H-04,3,1.50,4.65,5.11,,,,,,,
H-04,3,1.50,6.48,6.42,,,,,,,
H-04,3,1.50,5.26,5.38,,,,,,,
H-04,3,1.50,4.46,4.31,,,,,,,
I-20,3,1.50,6.45,6.26,,,,,,,
I-20,3,1.50,7.61,6.19,,,,,,,
I-20,3,1.50,6.90,6.65,,,,,,,
I-20,3,1.50,5.47,5.30,,,,,,,
419,3,1.50,5.63,5.43,,,,,,,
419,3,1.50,6.39,6.63,,,,,,,
419,3,1.50,5.31,4.63,,,,,,,
419,3,1.50,5.04,5.62,,,,,,,
413,3,1.50,4.12,4.79,,,,,,,
413,3,1.50,4.80,5.45,,,,,,,
413,3,1.50,4.32,4.21,,,,,,,
413,3,1.50,4.33,4.19,,,,,,,
W212,3,1.50,6.46,6.05,,,,,,,
W212,3,1.50,5.66,6.92,,,,,,,
W212,3,1.50,5.65,6.08,,,,,,,
W212,3,1.50,4.05,3.99,,,,,,,
318,3,1.50,4.86,4.46,,,,,,,
318,3,1.50,6.08,6.37,,,,,,,
318,3,1.50,4.81,4.96,,,,,,,
318,3,1.50,4.58,5.04,,,,,,,
1025,3,1.50,6.10,5.58,,,,,,,
1025,3,1.50,6.25,6.09,,,,,,,
1025,3,1.50,5.17,5.05,,,,,,,
1025,3,1.50,3.99,3.97,,,,,,,
1026,3,1.50,7.54,7.19,,,,,,,
1026,3,1.50,7.60,7.40,,,,,,,
1026,3,1.50,7.65,7.75,,,,,,,
1026,3,1.50,6.92,6.61,,,,,,,
1027,3,1.50,4.52,5.60,,,,,,,
1027,3,1.50,5.79,4.92,,,,,,,
1027,3,1.50,2.78,3.93,,,,,,,
1027,3,1.50,3.55,3.05,,,,,,,
1029,3,1.50,5.99,5.82,,,,,,,
1029,3,1.50,5.36,5.83,,,,,,,
1029,3,1.50,4.76,5.00,,,,,,,
1029,3,1.50,5.25,4.18,,,,,,,
1032,3,1.50,5.28,5.41,,,,,,,
1032,3,1.50,6.00,5.75,,,,,,,
1032,3,1.50,5.12,5.24,,,,,,,
1032,3,1.50,4.93,4.51,,,,,,,
1033,3,1.50,5.79,5.09,,,,,,,
1033,3,1.50,6.45,5.89,,,,,,,
1033,3,1.50,5.87,4.29,,,,,,,
1033,3,1.50,4.36,5.18,,,,,,,
1,3,2.00,4.21,4.17,,,,,,,
1,3,2.00,5.04,5.21,,,,,,,
1,3,2.00,4.95,5.08,,,,,,,
1,3,2.00,5.36,5.19,,,,,,,
8,3,2.00,4.53,4.63,,,,,,,
8,3,2.00,4.91,5.15,,,,,,,
8,3,2.00,5.11,5.65,,,,,,,
8,3,2.00,6.13,6.53,,,,,,,
12B,3,2.00,4.18,4.51,,,,,,,
12B,3,2.00,4.90,5.06,,,,,,,
12B,3,2.00,5.06,5.80,,,,,,,
12B,3,2.00,7.18,6.36,,,,,,,
20,3,2.00,4.23,3.43,,,,,,,
20,3,2.00,3.94,4.01,,,,,,,
20,3,2.00,5.30,4.75,,,,,,,
20,3,2.00,5.92,5.45,,,,,,,
123,3,2.00,4.60,4.34,,,,,,,
123,3,2.00,5.40,5.83,,,,,,,
123,3,2.00,6.25,6.52,,,,,,,
123,3,2.00,5.12,5.21,,,,,,,
21,3,2.00,3.89,4.05,,,,,,,
21,3,2.00,4.39,4.48,,,,,,,
21,3,2.00,4.79,5.13,,,,,,,
21,3,2.00,5.99,6.23,,,,,,,
74SS1,3,2.00,4.24,4.26,,,,,,,
74SS1,3,2.00,4.35,4.65,,,,,,,
74SS1,3,2.00,6.30,5.26,,,,,,,
74SS1,3,2.00,5.73,5.24,,,,,,,
87,3,2.00,4.65,5.09,,,,,,,
87,3,2.00,5.61,4.69,,,,,,,
87,3,2.00,5.26,5.91,,,,,,,
87,3,2.00,7.12,7.00,,,,,,,
118,3,2.00,5.18,5.44,,,,,,,
118,3,2.00,5.21,5.70,,,,,,,
118,3,2.00,6.25,6.02,,,,,,,
118,3,2.00,6.07,6.82,,,,,,,
129,3,2.00,4.91,5.06,,,,,,,
129,3,2.00,5.51,5.36,,,,,,,
129,3,2.00,5.99,6.57,,,,,,,
129,3,2.00,6.22,6.79,,,,,,,
449,3,2.00,4.84,5.09,,,,,,,
449,3,2.00,5.08,4.88,,,,,,,
449,3,2.00,6.29,5.74,,,,,,,
449,3,2.00,6.83,6.46,,,,,,,
461,3,2.00,4.07,4.04,,,,,,,
461,3,2.00,3.10,3.35,,,,,,,
461,3,2.00,3.84,3.53,,,,,,,
461,3,2.00,3.24,3.42,,,,,,,
467,3,2.00,4.05,4.33,,,,,,,
467,3,2.00,4.42,4.36,,,,,,,
467,3,2.00,4.54,4.50,,,,,,,
467,3,2.00,5.04,4.66,,,,,,,
475,3,2.00,3.49,3.84,,,,,,,
475,3,2.00,4.07,4.36,,,,,,,
475,3,2.00,4.44,5.57,,,,,,,
475,3,2.00,5.23,4.45,,,,,,,
558,3,2.00,3.36,3.63,,,,,,,
558,3,2.00,3.93,3.84,,,,,,,
558,3,2.00,3.88,3.94,,,,,,,
558,3,2.00,4.24,5.00,,,,,,,
564,3,2.00,5.81,5.20,,,,,,,
564,3,2.00,5.90,5.45,,,,,,,
564,3,2.00,5.76,6.42,,,,,,,
564,3,2.00,6.82,7.10,,,,,,,
568,3,2.00,4.53,4.88,,,,,,,
568,3,2.00,4.92,4.76,,,,,,,
568,3,2.00,6.20,5.06,,,,,,,
568,3,2.00,5.74,5.35,,,,,,,
581,3,2.00,4.30,4.40,,,,,,,
581,3,2.00,4.16,4.46,,,,,,,
581,3,2.00,4.61,4.86,,,,,,,
581,3,2.00,5.29,4.99,,,,,,,
645,3,2.00,4.10,3.79,,,,,,,
645,3,2.00,4.12,4.62,,,,,,,
645,3,2.00,4.30,4.27,,,,,,,
645,3,2.00,4.49,4.12,,,,,,,
667,3,2.00,3.75,3.32,,,,,,,
667,3,2.00,4.09,4.00,,,,,,,
667,3,2.00,3.79,3.57,,,,,,,
667,3,2.00,4.27,3.36,,,,,,,
800,3,2.00,4.24,4.36,,,,,,,
800,3,2.00,5.17,4.90,,,,,,,
800,3,2.00,6.26,6.72,,,,,,,
800,3,2.00,6.72,7.43,,,,,,,
62-02,3,2.00,2.47,2.80,,,,,,,
62-02,3,2.00,3.32,3.44,,,,,,,
62-02,3,2.00,3.60,3.44,,,,,,,
62-02,3,2.00,3.43,3.65,,,,,,,
62-03,3,2.00,3.15,3.31,,,,,,,
62-03,3,2.00,2.89,3.26,,,,,,,
62-03,3,2.00,4.23,4.51,,,,,,,
62-03,3,2.00,4.92,3.99,,,,,,,
62-04,3,2.00,3.04,3.11,,,,,,,
62-04,3,2.00,3.39,3.25,,,,,,,
62-04,3,2.00,3.33,2.96,,,,,,,
62-04,3,2.00,4.14,3.09,,,,,,,
78-01,3,2.00,4.08,3.73,,,,,,,
78-01,3,2.00,4.08,4.08,,,,,,,
78-01,3,2.00,5.03,4.35,,,,,,,
78-01,3,2.00,5.56,5.15,,,,,,,
78-02,3,2.00,3.88,3.97,,,,,,,
78-02,3,2.00,3.47,3.81,,,,,,,
78-02,3,2.00,5.75,4.42,,,,,,,
78-02,3,2.00,6.51,5.52,,,,,,,
78-05,3,2.00,4.13,4.32,,,,,,,
78-05,3,2.00,4.70,4.83,,,,,,,
78-05,3,2.00,4.71,5.21,,,,,,,
78-05,3,2.00,5.01,6.05,,,,,,,
S-01,3,2.00,3.20,2.72,,,,,,,
S-01,3,2.00,3.04,2.65,,,,,,,
S-01,3,2.00,4.40,2.95,,,,,,,
S-01,3,2.00,2.46,3.51,,,,,,,
H-01,3,2.00,3.28,3.33,,,,,,,
H-01,3,2.00,3.62,3.33,,,,,,,
H-01,3,2.00,4.02,4.74,,,,,,,
H-01,3,2.00,4.38,4.76,,,,,,,
H-03,3,2.00,3.74,4.62,,,,,,,
H-03,3,2.00,4.69,4.01,,,,,,,
H-03,3,2.00,4.33,3.46,,,,,,,
H-03,3,2.00,4.81,4.61,,,,,,,
H-04,3,2.00,3.80,3.99,,,,,,,
H-04,3,2.00,3.90,4.23,,,,,,,
H-04,3,2.00,4.74,4.80,,,,,,,
H-04,3,2.00,4.83,4.84,,,,,,,
I-20,3,2.00,4.71,4.66,,,,,,,
I-20,3,2.00,4.88,5.64,,,,,,,
I-20,3,2.00,6.41,6.44,,,,,,,
I-20,3,2.00,6.11,5.22,,,,,,,
419,3,2.00,4.16,4.14,,,,,,,
419,3,2.00,4.45,4.67,,,,,,,
419,3,2.00,4.60,5.44,,,,,,,
419,3,2.00,5.52,5.50,,,,,,,
413,3,2.00,3.33,3.61,,,,,,,
413,3,2.00,3.67,3.75,,,,,,,
413,3,2.00,4.32,3.73,,,,,,,
413,3,2.00,5.35,4.38,,,,,,,
W212,3,2.00,3.88,4.86,,,,,,,
W212,3,2.00,3.92,3.98,,,,,,,
W212,3,2.00,5.88,6.58,,,,,,,
W212,3,2.00,4.32,3.98,,,,,,,
318,3,2.00,3.74,3.39,,,,,,,
318,3,2.00,4.24,3.63,,,,,,,
318,3,2.00,3.83,5.02,,,,,,,
318,3,2.00,3.71,4.67,,,,,,,
1025,3,2.00,3.83,3.47,,,,,,,
1025,3,2.00,3.95,4.73,,,,,,,
1025,3,2.00,4.44,4.21,,,,,,,
1025,3,2.00,5.16,4.80,,,,,,,
1026,3,2.00,5.59,5.37,,,,,,,
1026,3,2.00,6.34,6.31,,,,,,,
1026,3,2.00,7.32,7.44,,,,,,,
1026,3,2.00,7.03,7.18,,,,,,,
1027,3,2.00,3.73,4.32,,,,,,,
1027,3,2.00,3.78,3.56,,,,,,,
1027,3,2.00,3.79,3.58,,,,,,,
1027,3,2.00,3.59,3.31,,,,,,,
1029,3,2.00,3.83,4.13,,,,,,,
1029,3,2.00,4.15,3.88,,,,,,,
1029,3,2.00,4.64,5.15,,,,,,,
1029,3,2.00,4.51,4.39,,,,,,,
1032,3,2.00,3.89,4.01,,,,,,,
1032,3,2.00,4.13,4.55,,,,,,,
1032,3,2.00,4.76,4.76,,,,,,,
1032,3,2.00,5.10,5.59,,,,,,,
1033,3,2.00,4.00,4.18,,,,,,,
1033,3,2.00,4.37,4.31,,,,,,,
1033,3,2.00,6.02,5.48,,,,,,,
1033,3,2.00,5.81,5.01,,,,,,,
1,3,2.50,3.92,3.76,,,,,,,
1,3,2.50,4.96,5.15,,,,,,,
1,3,2.50,3.61,3.91,,,,,,,
1,3,2.50,3.89,4.03,,,,,,,
8,3,2.50,4.21,4.63,,,,,,,
8,3,2.50,5.78,5.09,,,,,,,
8,3,2.50,3.93,4.01,,,,,,,
8,3,2.50,5.35,5.96,,,,,,,
12B,3,2.50,4.48,3.77,,,,,,,
12B,3,2.50,5.54,5.33,,,,,,,
12B,3,2.50,4.27,5.87,,,,,,,
12B,3,2.50,6.12,5.85,,,,,,,
20,3,2.50,3.89,3.85,,,,,,,
20,3,2.50,4.42,3.86,,,,,,,
20,3,2.50,4.02,3.12,,,,,,,
20,3,2.50,6.29,4.77,,,,,,,
123,3,2.50,3.47,3.66,,,,,,,
123,3,2.50,5.40,4.07,,,,,,,
123,3,2.50,4.00,4.57,,,,,,,
123,3,2.50,5.88,6.04,,,,,,,
21,3,2.50,3.33,3.08,,,,,,,
21,3,2.50,4.38,4.68,,,,,,,
21,3,2.50,4.26,4.32,,,,,,,
21,3,2.50,5.05,5.37,,,,,,,
74SS1,3,2.50,3.44,3.65,,,,,,,
74SS1,3,2.50,3.94,3.84,,,,,,,
74SS1,3,2.50,5.01,4.87,,,,,,,
74SS1,3,2.50,5.60,5.92,,,,,,,
87,3,2.50,5.12,5.03,,,,,,,
87,3,2.50,6.19,5.45,,,,,,,
87,3,2.50,5.59,5.79,,,,,,,
87,3,2.50,5.31,6.09,,,,,,,
118,3,2.50,5.79,5.17,,,,,,,
118,3,2.50,6.59,6.09,,,,,,,
118,3,2.50,5.63,5.67,,,,,,,
118,3,2.50,5.20,6.38,,,,,,,
129,3,2.50,5.22,4.55,,,,,,,
129,3,2.50,6.48,6.88,,,,,,,
129,3,2.50,5.79,5.48,,,,,,,
129,3,2.50,5.37,5.48,,,,,,,
449,3,2.50,6.01,6.20,,,,,,,
449,3,2.50,7.34,5.93,,,,,,,
449,3,2.50,5.15,4.90,,,,,,,
449,3,2.50,6.48,4.99,,,,,,,
461,3,2.50,3.32,2.99,,,,,,,
461,3,2.50,3.33,4.82,,,,,,,
461,3,2.50,3.25,3.52,,,,,,,
461,3,2.50,3.21,3.93,,,,,,,
467,3,2.50,3.39,3.20,,,,,,,
467,3,2.50,4.79,4.79,,,,,,,
467,3,2.50,4.56,3.90,,,,,,,
467,3,2.50,4.68,4.15,,,,,,,
475,3,2.50,4.22,3.38,,,,,,,
475,3,2.50,5.36,5.24,,,,,,,
475,3,2.50,4.42,4.03,,,,,,,
475,3,2.50,4.24,5.03,,,,,,,
558,3,2.50,3.17,3.31,,,,,,,
558,3,2.50,3.92,4.94,,,,,,,
558,3,2.50,3.21,3.69,,,,,,,
558,3,2.50,3.30,3.94,,,,,,,
564,3,2.50,5.60,6.31,,,,,,,
564,3,2.50,6.57,6.85,,,,,,,
564,3,2.50,5.02,5.89,,,,,,,
564,3,2.50,6.25,5.85,,,,,,,
568,3,2.50,3.90,4.07,,,,,,,
568,3,2.50,5.23,4.86,,,,,,,
568,3,2.50,4.91,4.36,,,,,,,
568,3,2.50,5.78,4.85,,,,,,,
581,3,2.50,3.85,4.40,,,,,,,
581,3,2.50,4.86,5.23,,,,,,,
581,3,2.50,4.82,4.54,,,,,,,
581,3,2.50,5.01,5.17,,,,,,,
645,3,2.50,3.71,4.02,,,,,,,
645,3,2.50,5.88,6.25,,,,,,,
645,3,2.50,3.86,3.99,,,,,,,
645,3,2.50,4.87,5.53,,,,,,,
667,3,2.50,3.13,3.01,,,,,,,
667,3,2.50,3.88,4.70,,,,,,,
667,3,2.50,3.32,3.00,,,,,,,
667,3,2.50,3.17,3.30,,,,,,,
800,3,2.50,5.25,5.23,,,,,,,
800,3,2.50,5.88,5.15,,,,,,,
800,3,2.50,5.95,4.85,,,,,,,
800,3,2.50,6.13,6.99,,,,,,,
62-02,3,2.50,2.14,2.47,,,,,,,
62-02,3,2.50,3.34,3.50,,,,,,,
62-02,3,2.50,2.00,2.23,,,,,,,
62-02,3,2.50,2.42,2.55,,,,,,,
62-03,3,2.50,3.39,3.89,,,,,,,
62-03,3,2.50,4.73,4.05,,,,,,,
62-03,3,2.50,3.44,3.18,,,,,,,
62-03,3,2.50,4.36,3.24,,,,,,,
62-04,3,2.50,2.83,2.43,,,,,,,
62-04,3,2.50,3.85,4.00,,,,,,,
62-04,3,2.50,2.75,3.45,,,,,,,
62-04,3,2.50,2.95,3.45,,,,,,,
78-01,3,2.50,3.65,3.47,,,,,,,
78-01,3,2.50,5.19,4.48,,,,,,,
78-01,3,2.50,4.20,3.92,,,,,,,
78-01,3,2.50,3.85,3.56,,,,,,,
78-02,3,2.50,2.68,2.77,,,,,,,
78-02,3,2.50,3.67,3.92,,,,,,,
78-02,3,2.50,5.30,2.76,,,,,,,
78-02,3,2.50,4.63,5.19,,,,,,,
78-05,3,2.50,4.65,4.36,,,,,,,
78-05,3,2.50,4.98,5.77,,,,,,,
78-05,3,2.50,4.89,4.95,,,,,,,
78-05,3,2.50,4.53,4.53,,,,,,,
S-01,3,2.50,3.03,3.07,,,,,,,
S-01,3,2.50,3.03,3.36,,,,,,,
S-01,3,2.50,3.14,3.74,,,,,,,
S-01,3,2.50,2.26,2.13,,,,,,,
H-01,3,2.50,2.41,2.03,,,,,,,
H-01,3,2.50,3.62,4.52,,,,,,,
H-01,3,2.50,3.00,2.50,,,,,,,
H-01,3,2.50,4.37,2.65,,,,,,,
H-03,3,2.50,3.54,2.72,,,,,,,
H-03,3,2.50,5.47,6.07,,,,,,,
H-03,3,2.50,4.13,3.10,,,,,,,
H-03,3,2.50,3.87,3.37,,,,,,,
H-04,3,2.50,3.21,3.13,,,,,,,
H-04,3,2.50,5.29,4.88,,,,,,,
H-04,3,2.50,4.10,3.79,,,,,,,
H-04,3,2.50,5.31,5.14,,,,,,,
I-20,3,2.50,3.93,4.56,,,,,,,
I-20,3,2.50,5.90,5.99,,,,,,,
I-20,3,2.50,5.50,3.80,,,,,,,
I-20,3,2.50,4.96,4.45,,,,,,,
419,3,2.50,2.86,2.88,,,,,,,
419,3,2.50,4.67,4.30,,,,,,,
419,3,2.50,4.48,4.73,,,,,,,
419,3,2.50,5.82,5.72,,,,,,,
413,3,2.50,3.61,3.02,,,,,,,
413,3,2.50,4.18,3.71,,,,,,,
413,3,2.50,2.76,3.29,,,,,,,
413,3,2.50,4.23,3.35,,,,,,,
W212,3,2.50,4.72,5.58,,,,,,,
W212,3,2.50,4.58,5.88,,,,,,,
W212,3,2.50,5.36,4.93,,,,,,,
W212,3,2.50,3.73,4.02,,,,,,,
318,3,2.50,3.93,3.41,,,,,,,
318,3,2.50,4.15,4.17,,,,,,,
318,3,2.50,4.37,3.40,,,,,,,
318,3,2.50,4.14,3.72,,,,,,,
1025,3,2.50,4.39,3.96,,,,,,,
1025,3,2.50,5.64,5.19,,,,,,,
1025,3,2.50,3.72,4.01,,,,,,,
1025,3,2.50,4.20,5.24,,,,,,,
1026,3,2.50,5.96,5.44,,,,,,,
1026,3,2.50,7.54,7.47,,,,,,,
1026,3,2.50,6.25,6.02,,,,,,,
1026,3,2.50,6.85,6.81,,,,,,,
1027,3,2.50,4.39,3.78,,,,,,,
1027,3,2.50,4.12,3.24,,,,,,,
1027,3,2.50,3.85,2.67,,,,,,,
1027,3,2.50,2.39,2.15,,,,,,,
1029,3,2.50,4.22,4.14,,,,,,,
1029,3,2.50,5.13,5.31,,,,,,,
1029,3,2.50,4.56,5.59,,,,,,,
1029,3,2.50,3.62,3.74,,,,,,,
1032,3,2.50,4.40,4.25,,,,,,,
1032,3,2.50,4.59,5.40,,,,,,,
1032,3,2.50,4.05,4.30,,,,,,,
1032,3,2.50,4.67,4.52,,,,,,,
1033,3,2.50,5.21,4.27,,,,,,,
1033,3,2.50,6.10,5.17,,,,,,,
1033,3,2.50,5.24,4.29,,,,,,,
1033,3,2.50,4.54,5.70,,,,,,,
1,3,10.00,1.51,1.34,,,,,,,
1,3,10.00,1.27,1.53,,,,,,,
1,3,10.00,1.32,1.35,,,,,,,
1,3,10.00,1.40,1.27,,,,,,,
8,3,10.00,1.32,1.37,,,,,,,
8,3,10.00,1.37,1.19,,,,,,,
8,3,10.00,1.33,1.41,,,,,,,
8,3,10.00,1.51,1.51,,,,,,,
12B,3,10.00,1.38,1.42,,,,,,,
12B,3,10.00,1.42,1.48,,,,,,,
12B,3,10.00,1.37,1.45,,,,,,,
12B,3,10.00,1.59,1.45,,,,,,,
20,3,10.00,1.16,1.06,,,,,,,
20,3,10.00,1.64,1.47,,,,,,,
20,3,10.00,1.50,1.47,,,,,,,
20,3,10.00,1.35,1.26,,,,,,,
123,3,10.00,1.51,1.49,,,,,,,
123,3,10.00,1.31,1.40,,,,,,,
123,3,10.00,1.38,1.41,,,,,,,
123,3,10.00,1.30,1.25,,,,,,,
21,3,10.00,1.42,1.51,,,,,,,
21,3,10.00,1.46,1.46,,,,,,,
21,3,10.00,1.26,1.39,,,,,,,
21,3,10.00,1.45,1.38,,,,,,,
74SS1,3,10.00,1.62,1.72,,,,,,,
74SS1,3,10.00,1.49,1.57,,,,,,,
74SS1,3,10.00,1.53,1.61,,,,,,,
74SS1,3,10.00,1.37,1.42,,,,,,,
87,3,10.00,1.50,1.59,,,,,,,
87,3,10.00,1.44,1.41,,,,,,,
87,3,10.00,1.36,1.42,,,,,,,
87,3,10.00,1.40,1.37,,,,,,,
118,3,10.00,1.35,1.53,,,,,,,
118,3,10.00,1.38,1.59,,,,,,,
118,3,10.00,1.29,1.31,,,,,,,
118,3,10.00,1.47,1.41,,,,,,,
129,3,10.00,1.83,1.78,,,,,,,
129,3,10.00,1.87,1.82,,,,,,,
129,3,10.00,1.37,1.58,,,,,,,
129,3,10.00,1.25,1.26,,,,,,,
449,3,10.00,1.67,1.73,,,,,,,
449,3,10.00,1.58,1.64,,,,,,,
449,3,10.00,1.62,1.54,,,,,,,
449,3,10.00,1.57,1.49,,,,,,,
461,3,10.00,1.51,1.35,,,,,,,
461,3,10.00,1.36,1.64,,,,,,,
461,3,10.00,1.49,1.54,,,,,,,
461,3,10.00,1.40,1.31,,,,,,,
467,3,10.00,1.57,1.80,,,,,,,
467,3,10.00,1.62,2.04,,,,,,,
467,3,10.00,1.63,1.55,,,,,,,
467,3,10.00,1.58,1.69,,,,,,,
475,3,10.00,1.77,1.60,,,,,,,
475,3,10.00,1.57,1.62,,,,,,,
475,3,10.00,1.47,1.31,,,,,,,
475,3,10.00,1.51,1.51,,,,,,,
558,3,10.00,1.44,1.42,,,,,,,
558,3,10.00,1.55,1.41,,,,,,,
558,3,10.00,1.29,1.42,,,,,,,
558,3,10.00,1.48,1.30,,,,,,,
564,3,10.00,1.38,1.45,,,,,,,
564,3,10.00,1.87,2.12,,,,,,,
564,3,10.00,1.20,1.25,,,,,,,
564,3,10.00,1.25,1.30,,,,,,,
568,3,10.00,1.48,1.52,,,,,,,
568,3,10.00,1.59,1.74,,,,,,,
568,3,10.00,1.41,1.51,,,,,,,
568,3,10.00,1.24,1.48,,,,,,,
581,3,10.00,1.74,1.68,,,,,,,
581,3,10.00,2.04,1.71,,,,,,,
581,3,10.00,1.43,1.48,,,,,,,
581,3,10.00,1.67,1.71,,,,,,,
645,3,10.00,1.56,1.65,,,,,,,
645,3,10.00,1.66,1.65,,,,,,,
645,3,10.00,1.66,1.51,,,,,,,
645,3,10.00,1.37,1.18,,,,,,,
667,3,10.00,1.51,1.43,,,5,,,,
667,3,10.00,1.40,1.40,,,,,,,
667,3,10.00,1.65,1.51,,,,,,,
667,3,10.00,1.33,1.44,,,,,,,
800,3,10.00,1.32,1.40,,,,,,,
800,3,10.00,1.54,1.54,,,,,,,
800,3,10.00,1.68,1.76,,,,,,,
800,3,10.00,1.48,1.55,,,,,,,
62-02,3,10.00,1.69,1.52,,,,,,,
62-02,3,10.00,1.62,1.50,,,,,,,
62-02,3,10.00,1.57,1.45,,,,,,,
62-02,3,10.00,1.31,1.41,,,,,,,
62-03,3,10.00,1.68,1.52,,,,,,,
62-03,3,10.00,1.54,1.52,,,,,,,
62-03,3,10.00,0.98,1.07,,,,,,,
62-03,3,10.00,1.48,1.32,,,,,,,
62-04,3,10.00,1.79,1.72,,,,,,,
62-04,3,10.00,1.71,1.63,,,,,,,
62-04,3,10.00,1.50,1.50,,,,,,,
62-04,3,10.00,1.53,1.66,,,,,,,
78-01,3,10.00,1.35,1.66,,,,,,,
78-01,3,10.00,1.77,1.52,,,,,,,
78-01,3,10.00,1.56,1.51,,,,,,,
78-01,3,10.00,1.35,1.51,,,,,,,
78-02,3,10.00,1.53,1.52,,,,,,,
78-02,3,10.00,1.45,1.53,,,,,,,
78-02,3,10.00,1.43,1.47,,,,,,,
78-02,3,10.00,1.33,1.26,,,,,,,
78-05,3,10.00,1.50,1.50,,,,,,,
78-05,3,10.00,1.47,1.60,,,,,,,
78-05,3,10.00,1.25,1.47,,,,,,,
78-05,3,10.00,1.69,1.61,,,,,,,
S-01,3,10.00,1.36,1.31,,,,,,,
S-01,3,10.00,1.18,1.34,,,,,,,
S-01,3,10.00,1.14,1.24,,,,,,,
S-01,3,10.00,1.15,1.18,,,,,,,
H-01,3,10.00,1.39,1.74,,,,,,,
H-01,3,10.00,1.72,1.55,,,,,,,
H-01,3,10.00,1.28,1.23,,,,,,,
H-01,3,10.00,1.23,1.18,,,,,,,
H-03,3,10.00,1.76,1.69,,,,,,,
H-03,3,10.00,1.58,1.70,,,,,,,
H-03,3,10.00,1.54,1.46,,,,,,,
H-03,3,10.00,1.55,1.55,,,,,,,
H-04,3,10.00,1.62,1.76,,,,,,,
H-04,3,10.00,1.74,1.81,,,,,,,
H-04,3,10.00,1.55,1.59,,,,,,,
H-04,3,10.00,1.59,1.72,,,,,,,
I-20,3,10.00,1.63,1.63,,,,,,,
I-20,3,10.00,1.44,1.52,,,,,,,
I-20,3,10.00,1.24,1.19,,,,,,,
I-20,3,10.00,1.43,1.34,,,,,,,
419,3,10.00,1.65,1.76,,,,,,,
419,3,10.00,1.89,1.80,,,,,,,
419,3,10.00,1.68,1.65,,,,,,,
419,3,10.00,1.60,1.60,,,,,,,
413,3,10.00,1.73,1.42,,,,,,,
413,3,10.00,1.74,1.54,,,,,,,
413,3,10.00,1.78,1.72,,,,,,,
413,3,10.00,1.83,1.84,,,,,,,
W212,3,10.00,1.20,1.38,,,,,,,
W212,3,10.00,1.20,1.30,,,,,,,
W212,3,10.00,1.20,1.20,,,,,,,
W212,3,10.00,1.30,1.16,,,,,,,
318,3,10.00,1.78,1.76,,,,,,,
318,3,10.00,1.68,1.87,,,,,,,
318,3,10.00,1.72,1.66,,,,,,,
318,3,10.00,1.63,1.57,,,,,,,
1025,3,10.00,1.76,1.69,,,,,,,
1025,3,10.00,1.71,1.99,,,,,,,
1025,3,10.00,1.54,1.59,,,,,,,
1025,3,10.00,1.46,1.37,,,,,,,
1026,3,10.00,2.20,2.26,,,,,,,
1026,3,10.00,2.48,2.19,,,,,,,
1026,3,10.00,1.53,1.53,,,,,,,
1026,3,10.00,1.99,1.99,,,,,,,
1027,3,10.00,1.42,1.51,,,,,,,
1027,3,10.00,1.28,1.46,,,,,,,
1027,3,10.00,1.34,1.29,,,,,,,
1027,3,10.00,1.11,1.06,,,,,,,
1029,3,10.00,1.44,1.51,,,,,,,
1029,3,10.00,1.61,1.71,,,,,,,
1029,3,10.00,1.52,1.60,,,,,,,
1029,3,10.00,1.04,1.27,,,,,,,
1032,3,10.00,1.92,1.77,,,,,,,
1032,3,10.00,1.61,1.68,,,,,,,
1032,3,10.00,1.54,1.53,,,,,,,
1032,3,10.00,1.85,2.08,,,,,,,
1033,3,10.00,2.05,1.75,,,,,,,
1033,3,10.00,1.75,1.74,,,,,,,
1033,3,10.00,1.54,1.79,,,,,,,
1033,3,10.00,1.23,1.59,,,,,,,